t,value
0,0.0
1,0.025018365083817717
2,1.070212129279097
3,1.4369209523541475
4,2.2131049419452262
5,2.7087507587747224
6,2.5349502242519684
7,3.0469631625497975
8,2.9770983835702234
9,2.8828308267148297
10,2.942590641820048
11,2.050993071491952
12,2.6315634543876687
13,1.9262862235601128
14,2.0704467571395684
15,1.5324732919242572
16,1.646836153343619
17,0.4330639573688227
18,-0.4225379103692559
19,-0.8510367994564602
20,-2.5454867125038625
21,-2.297936494268489
22,-1.8102622440109066
23,-1.675302069543394
24,-1.7223831428194043
25,-2.1196825503156336
26,-1.559971497168481
27,-1.1157499893244385
28,-0.9634512133142714
29,-0.8507703837232575
30,-0.7464227046867429
31,-0.8987003002081839
32,0.42276107934064633
33,-0.16930393551166556
34,0.4735583976930707
35,1.3147063170069218
36,2.3372915305063673
37,3.548456584978636
38,4.0131033928292235
39,3.6534681782263907
40,3.827516907487484
41,2.832606502258786
42,3.3275790672179766
43,2.7008043277136817
44,1.805595145223809
45,0.9893865514405641
46,0.49997823138045
47,-0.206144342394457
48,0.46086868168869666
49,-0.7306273222356039
50,-1.311160657770876
51,-1.803844028941947
52,-2.1910766542577673
53,-2.4476026223723557
54,-2.851159781050778
55,-3.098541000752042
56,-3.2872037770394655
57,-3.575915202845894
58,-2.7437238685133196
59,-1.5773302234291449
60,-1.3156732269067175
61,-0.9313670875388361
62,-0.3414617328627104
63,0.18144216866912316
64,0.2160194690333076
65,1.7647930481262126
66,2.4719115937622353
67,2.436012497402822
68,2.916316524320174
69,2.842249447011409
70,2.819781300005085
71,2.969973651270511
72,3.215249054169098
73,3.490173045614809
74,3.576987547222644
75,2.45446192934038
76,1.336337364153753
77,0.6554982627928374
78,0.013235137806669905
79,-1.0219911752351556
80,-1.811656870566428
81,-1.7315794654812287
82,-1.3037270143347528
83,-1.9373812295921864
84,-2.5472059825073536
85,-2.705755194851681
86,-3.048739141858594
87,-2.7713385364881433
88,-2.0474515478836257
89,-1.592799255130973
90,-0.4076706800608786
91,0.08898623088536181
92,0.8015867683626636
93,1.1675172239415905
94,2.3122397355166857
95,1.9684204175428337
96,2.273155138425022
97,2.095886154425693
98,2.9727789569721024
99,3.5561629309871376
100,3.197455658968801
101,3.9114204459073
102,3.2791482666079563
103,2.1134518697271867
104,1.6507257472086998
105,1.4405182780166281
106,0.7892550963303452
107,1.3855022242890478
108,0.9177596300998311
109,0.8739266349539039
110,0.5486659622287647
111,-1.2988826819193964
112,-1.9806190760444256
113,-3.6321980920357944
114,-3.7027935486736894
115,-2.7854287599641636
116,-2.9985505054220214
117,-2.888114825070978
118,-2.147349936862303
119,-1.1983983960262043
120,-0.8970355692843747
121,-0.4269192954013756
122,0.6343839875461568
123,1.2818833860068684
124,1.621819810125248
125,2.283551016999555
126,2.7136029822700194
127,3.148360444706773
128,4.326989797564345
129,3.956345412752502
130,3.495585763737963
131,4.027870257148848
132,3.1864441102573724
133,3.630192258094585
134,2.7859473683779914
135,2.122082916886729
136,1.7803604915733866
137,1.5830705487321195
138,1.1568634576539585
139,0.10384191725249663
140,-0.8365504794566124
141,-1.2219055288872893
142,-1.6404962294736962
143,-2.3210058096150434
144,-2.226396545605432
145,-1.7824431756275052
146,-1.7616016959297167
147,-0.8919065809177887
148,-0.6779201850810441
149,-0.6113623207776261
150,-0.22784617957863007
151,-0.08063556847141432
152,-0.013357238917688696
153,0.9696994407165984
154,1.1493092751985474
155,1.6463959102585195
156,2.2149336266236426
157,2.8945275210960273
158,3.409272153440957
159,3.5236587951177034
160,2.526932733342793
161,2.569701389647311
162,2.160806520092037
163,2.0266274311072108
164,2.2862139739281555
165,2.167761927387123
166,1.585686792380887
167,1.1231240102971216
168,-0.377802545451842
169,-0.741172874447545
170,-0.9025910264232405
171,-1.7649338778348131
172,-1.8554818088980838
173,-2.3107722872514493
174,-1.8943437416928073
175,-1.4628566299384596
176,-1.8585360132628417
177,-0.9802991670040289
178,-1.0099862083613502
179,0.2950702424128602
180,0.14077206225692704
181,0.5193302914178839
182,1.058862556193663
183,1.1365910176950518
184,0.8600687737283957
185,1.2532715720380407
186,2.554149451441373
187,2.8050932076138415
188,2.982733837215124
189,3.9863711540670135
190,4.0932541077276445
191,4.150576880193438
192,4.109913398121292
193,3.0229670371773922
194,2.580351712437164
195,2.0763546444342325
196,1.3621032537559594
197,0.19721972973358592
198,-0.01984156387592556
199,-1.3872653350777442
200,-2.105644520929666
201,-2.6286767533088335
202,-2.8386614665311
203,-2.3580386238041577
204,-1.569343337080801
205,-0.8984180774592696
206,-0.7629077904656617
207,-0.69497377174329
208,-1.8534927167084814
209,-0.731296769512929
210,1.012565544778513
211,1.3541457884920356
212,1.6836583524017437
213,2.3286940123999678
214,2.951544926893739
215,3.214565020033645
216,3.230344097295232
217,3.653642368309589
218,3.0841769484123334
219,2.387767108536146
220,3.4379317001204934
221,3.141666350393842
222,3.3669294357886432
223,3.763884242852667
224,3.6767708356185294
225,2.522043230604072
226,1.9458955853603832
227,0.5993467776801051
228,0.007470941374938984
229,0.014093308989233444
230,-0.6101469673106428
231,-2.572844042275965
232,-3.689144428483119
233,-3.7447157805912643
234,-2.6717367330595954
235,-2.401698486344479
236,-2.1176972039124204
237,-2.4911568868162908
238,-1.8393306381130854
239,-2.3940292933883613
240,-1.2649044137284375
241,0.15309878701718194
242,0.3471121304879906
243,1.6159617824817993
244,1.7583703823623207
245,2.4155720480644325
246,2.8199888733136156
247,3.262447867432257
248,4.289712270137894
249,4.643463089421086
250,4.027588842806283
251,2.430975902263871
252,2.9888700727422997
253,3.133900457714385
254,2.738397775075116
255,1.8927830580647016
256,2.172240369489283
257,0.47722568300939516
258,-0.38791644516892954
259,-1.488858980338402
260,-1.4625731433622322
261,-1.9471289758494794
262,-1.0399169886091262
263,-1.4505605712287326
264,-1.821852418451515
265,-1.5899718963785503
266,-1.9562235584270236
267,-2.2320963670867937
268,-1.433701113329545
269,-1.1870116674531994
270,-0.07292089508850841
271,0.5952570441595886
272,1.1536270889975495
273,1.7025493979956106
274,2.1657742457964835
275,2.8608316371130456
276,3.031025670392778
277,2.414387514448329
278,3.0014932035475455
279,3.100803193305001
280,2.6281273441046946
281,3.254176445607358
282,2.957585798765407
283,1.8874294529655016
284,1.7757295699379079
285,1.190627831363266
286,0.06075417529608895
287,0.07888460613559023
288,-0.7698455734064164
289,-0.6338513271518202
290,-1.4684660532359735
291,-1.1994595581898335
292,-1.3294318394477522
293,-1.5778192347346907
294,-2.139447673803824
295,-1.6162334587499971
296,-1.3267304837830285
297,-1.4006962208624443
298,-0.7989053474311025
299,-0.9809364985393578
300,-1.0265384760492744
301,-0.2574484754940248
302,0.5640810980432834
303,1.499595317233811
304,2.1293849580379245
305,3.2819516091780088
306,2.9091708171839943
307,3.6221045995857435
308,3.950816633310831
309,4.703733640774417
310,4.531096917298483
311,4.384064555817239
312,4.849272417511526
313,4.5123728137824735
314,3.984850525756048
315,2.9093288153593977
316,2.2140934816218114
317,0.633922397258164
318,-0.24790227150494137
319,-0.2741797436200154
320,-1.6275355209924518
321,-1.7228853930554144
322,-1.8696245275667052
323,-1.7857096724951431
324,-2.7252021131375335
325,-3.464097379337061
326,-2.287231944917968
327,-1.8064877209438421
328,-1.1381970087761337
329,0.13266616167104062
330,0.509785337015168
331,-0.08631301551890025
332,0.5222733515299748
333,1.6955637677128363
334,2.0513340548460484
335,2.4855232969323495
336,2.7261440921062206
337,3.9737605357005474
338,4.735805388172681
339,3.700219077137249
340,4.748322186350414
341,4.020929117146497
342,4.7582551639938355
343,3.4235480993631833
344,3.4992037550892405
345,2.5112276405323137
346,1.8180871543116022
347,1.6546114207082239
348,0.5486145678508341
349,0.14754171223462545
350,-0.2590140975215155
351,-0.18573334303039923
352,-0.08920664209563667
353,0.2355406474765559
354,-0.2802429804404295
355,-0.5028346497090707
356,-1.0234260157969675
357,-1.3306243730559513
358,-1.6407586738054365
359,-1.1105845025212704
360,-0.3392079559427261
361,0.34157464372059365
362,1.2944999546798597
363,1.1788372391879651
364,2.7986329609991025
365,3.3436230432599334
366,4.204194485412563
367,4.477081799336989
368,4.058221739698973
369,3.99787909105659
370,2.385400084774158
371,2.8908507343377328
372,2.9487277363842574
373,3.4503533144478387
374,2.1191788872896744
375,1.8191325945616794
376,1.2887773476224165
377,0.2408137872733478
378,-0.7752953957871103
379,-1.494604714185917
380,-1.0403048485429034
381,-0.805622386964296
382,-1.8964305717471186
383,-2.022389148976048
384,-1.7460348596950177
385,-1.540419858058536
386,-2.1946773880676216
387,-2.0378966091262565
388,-2.163132068027841
389,-0.8248985988267208
390,1.110223875456768
391,1.3511329093085682
392,0.6716884598558863
393,1.8602486347809422
394,3.217736886731165
395,4.25277734577824
396,4.406320826106809
397,4.74085405946858
398,4.758546450038048
399,5.0413169504270225
400,5.265654417366698
401,4.453314135644991
402,3.8138512002424942
403,3.308597746543316
404,2.812780340320568
405,2.469811554511055
406,2.4862859545757963
407,1.0873785003865217
408,1.0406327168363356
409,0.295792513319882
410,-1.6820308554727101
411,-1.9168328418517313
412,-2.06074809690336
413,-1.7499405015143779
414,-1.4672351623117919
415,-1.4812728002077318
416,-1.7712578348428356
417,-0.934282160852185
418,-0.9812993357626021
419,-1.070044904954708
420,-0.6497776802257201
421,-0.09523485820017219
422,0.7050159691396345
423,1.2803197165810265
424,1.8811831112961777
425,2.9786655153351442
426,3.860372751983664
427,4.3902090784292485
428,4.340945956562759
429,4.085089980509177
430,4.03970141527441
431,3.9285883853521275
432,4.1905206627838005
433,3.632992201660191
434,2.582644651296864
435,1.8242139565874749
436,2.3871307945017817
437,1.234924517688344
438,0.08276350530416943
439,-0.3920451235378831
440,0.18007554896757316
441,-0.3357832563031246
442,-0.6412458775921422
443,-1.788675367771365
444,-2.508542495563025
445,-2.178190511054705
446,-2.050683971290736
447,-1.3814335868327103
448,-1.4769779336847277
449,-0.26627174193602854
450,0.942346677475663
451,0.5451017185384195
452,1.3628766090060356
453,1.8551870795760297
454,3.217078990176609
455,3.6858953901808054
456,4.46380925412606
457,4.53805322809479
458,4.786253749253696
459,5.826847504744464
460,6.442999137888208
461,4.866027139294545
462,4.64662609980991
463,4.243019502624098
464,3.105132873248403
465,2.2545897874347403
466,1.9287702179431505
467,1.8884039102167078
468,1.463654023307957
469,0.5410457467737186
470,-0.5478761363715048
471,-1.9102153712297403
472,-1.0896672547619348
473,-1.562661910040716
474,-2.0006354192160423
475,-1.6226566037340233
476,-1.4459521727629812
477,-1.1312808708831044
478,-0.39204851696812165
479,-0.24645447085789585
480,-0.22136338130648703
481,0.4626876078243174
482,1.2454109648018998
483,1.3983560012972018
484,1.6534282198509547
485,1.9847338004668873
486,3.2342807820594475
487,4.437724392492964
488,5.2256691287834105
489,4.641463241903
490,4.258198880581169
491,3.5762761274265524
492,4.501502163197367
493,3.80867448017361
494,3.349210060939516
495,2.6014806931060828
496,2.1928679500718955
497,1.100961498274239
498,0.37070038699390717
499,-0.440710350435203
500,-1.8570985755128888
501,-1.622792488064301
502,-1.2594698923556402
503,-0.8881625564766712
504,-0.28923949609758015
505,-0.08862551099965732
506,-0.3353119446693515
507,-0.044016780305240255
508,-0.19511189116580524
509,0.5608390254686482
510,0.7589363487117751
511,0.08763523246213412
512,0.9643071644002745
513,1.8064048680629914
514,1.9340779728159114
515,2.9719659557026725
516,4.140929276739614
517,3.832122301795653
518,4.572987511374009
519,5.104840174236683
520,4.484221247511359
521,4.181552860542149
522,3.4902721421041356
523,3.0835695991665304
524,2.8654078298216272
525,3.1138947356933757
526,2.1783562437421735
527,0.8677762487608259
528,-1.0245686402553003
529,-1.2660708271158165
530,-1.879000581897108
531,-1.6425684831561098
532,-1.4976154161826432
533,-2.3033245847100234
534,-1.8482400920953035
535,-1.730588537129284
536,-1.5451515622063396
537,-1.3926830221350583
538,-0.3634107546858157
539,0.3739881757119702
540,0.8953996234599786
541,1.9511542950129663
542,2.331908479907268
543,2.8324633029779176
544,3.537520744699659
545,3.7520856021204465
546,3.522509677641515
547,4.888499710919872
548,5.435979794845808
549,4.655519807118375
550,4.183283993266768
551,3.689619689661965
552,2.960687635960584
553,3.21325662600775
554,3.762257934831929
555,3.3821492220193985
556,3.4951796846032828
557,2.387748851960045
558,1.7731139120941264
559,0.5937305146563019
560,0.12033004645268384
561,0.23121480039761044
562,0.08609802169127251
563,0.13891330106194832
564,-0.49367691135054326
565,-0.19027588125784045
566,0.41476682309813784
567,0.5513318305681706
568,-0.1478556954468363
569,0.3987547523531675
570,0.9712652001477893
571,1.1227602903165628
572,1.2492734602248823
573,1.62910186560944
574,3.031965731319941
575,3.629901640718878
576,4.903444216142003
577,4.105442224605132
578,4.6575765996688006
579,5.590442331696384
580,6.275029820702106
581,5.447103104179098
582,5.778426945785162
583,5.581609318894327
584,5.2902091086006955
585,4.395193469613721
586,3.9598062576425166
587,3.409697795467285
588,2.0858062757678186
589,-0.045065269887027526
590,0.2634535658177791
591,0.3576612635507146
592,0.2241012466704223
593,-0.4417802059017308
594,-0.8642559677286181
595,-1.6577281983639305
596,-0.4907257023034446
597,-0.37078363111820084
598,0.35988714845601477
599,0.47567529532887387
600,-0.23574407324498847
601,1.048132894593155
602,2.3591320609256217
603,3.781135562109194
604,3.947029099096296
605,4.004704505941792
606,4.446032187397178
607,4.202804936251633
608,4.115499704206288
609,4.755573817909968
610,4.695622358902787
611,4.383964032864942
612,4.470479648390971
613,3.9815426069204123
614,4.819494994437106
615,3.848250524464114
616,3.883450240525259
617,3.284294678683323
618,2.8210930077593517
619,2.0344671704282007
620,1.1093524412681854
621,0.45183039146201287
622,-0.35370809818930177
623,-0.4289662417431105
624,-0.1377733314204319
625,-1.5518402198224082
626,-1.833866922751266
627,-1.8408653920403872
628,-0.7406004821410451
629,0.21548911266081733
630,0.5744710199221639
631,1.9936029073005581
632,2.2440020408470955
633,3.061203266810737
634,3.9181006920373656
635,4.161682708670668
636,5.019321469885831
637,4.958651221224614
638,5.092186472873505
639,5.208013519378171
640,5.527535433112608
641,5.969924131220936
642,5.026849055283869
643,3.8757009008497323
644,3.894348300793703
645,2.3199725320374327
646,2.084802728100786
647,1.986840636302396
648,0.5714642142404592
649,-0.11677792911727686
650,-0.4542879924185559
651,-0.6789006524021006
652,-0.8216006880610254
653,-0.7188204709136875
654,-0.4559174615721285
655,-1.3227128196490707
656,-0.39088364108218576
657,-0.3496209529043284
658,-0.20386360676567145
659,0.8626914215597238
660,0.9932631241595675
661,1.124499376744553
662,0.9106902777872748
663,2.5171136648562773
664,2.2759827063292954
665,2.465153674589004
666,2.277896335349193
667,3.0558142813752522
668,2.86692532787124
669,4.213268354270802
670,4.140993580596691
671,3.7287665022572427
672,4.058216454864348
673,3.381585342626033
674,3.185830584734203
675,3.3599642029730434
676,2.417901953701638
677,1.7771197288492395
678,0.9638329009624502
679,0.4543140910089677
680,1.6611165150384393
681,-0.17328308817681948
682,0.022797670658565805
683,-0.26634687607811863
684,-0.8017046710992557
685,-0.23352580024919878
686,0.40482788769479094
687,-0.06693733883218689
688,0.1906825366338162
689,0.3098994539437021
690,1.1329019433736889
691,1.7818232528633757
692,2.3376820651975203
693,3.133083577841893
694,3.886400790900641
695,5.0254320183813945
696,4.7344750675268665
697,4.973758038006419
698,6.399136727672384
699,5.81175646988498
700,6.250985590145107
701,5.331485004031716
702,5.3862256747564885
703,4.794282938741467
704,4.4740594166237715
705,3.6922847301656456
706,3.732379680719947
707,2.8953533954960746
708,2.0645305211986513
709,1.6506125216984868
710,0.6462616674302162
711,-0.9562490192952924
712,-1.70184699960301
713,-1.8308579423582212
714,-0.6579399086248595
715,0.5297300166883995
716,-0.32771385929734814
717,-0.017626301654919282
718,-0.03990903705324217
719,0.6109371328146458
720,0.5069751435071769
721,1.4651480125494563
722,1.7562457923038453
723,1.9454450063411939
724,2.5017816312517898
725,2.335380685133782
726,3.650570642604011
727,3.8492209992132556
728,5.166414032883511
729,5.7168937835957365
730,6.217779922506741
731,5.626065053765013
732,5.925884549536065
733,5.953263905929852
734,4.916368222683473
735,4.215653137046319
736,4.214056114998722
737,3.368082248741431
738,2.157840671261838
739,2.058646452377767
740,1.9313358757165777
741,0.7007067365684498
742,0.46814798604555713
743,0.09534232263420461
744,0.4365478025999685
745,-0.1798342762247861
746,0.5505265098298306
747,1.0205641735470683
748,0.8754988327311004
749,0.8861276858483844
750,0.7868429010976239
751,2.2344738105044835
752,2.2438568093361413
753,2.8238002526539043
754,4.442396840537869
755,5.143630649324855
756,5.4747572062199374
757,5.722862682263119
758,5.668076383595484
759,4.9917458939901
760,5.422158528309778
761,4.739800742010711
762,5.760107646303251
763,4.394262475522755
764,3.9136434794658137
765,3.5320419072788165
766,2.7366753554709855
767,2.3044756925590995
768,2.1544783977472903
769,2.281532635258537
770,1.5914491562801942
771,0.9464769877962597
772,0.6413803863866698
773,0.2695549048383991
774,-0.3467910449481275
775,-0.31340245679500156
776,0.4593930504674101
777,0.5823450122963326
778,0.798122332388653
779,1.0807779189976325
780,1.8449902083528515
781,2.508553235279646
782,3.190414290046671
783,3.4574317911062695
784,2.780422854127773
785,3.298538263505949
786,4.040676818419844
787,4.163144480969786
788,5.052266246249252
789,4.836932781361646
790,3.937798727481834
791,4.717860847251242
792,4.575149658513577
793,4.4154019847405745
794,3.2070783548819652
795,2.8682820800393394
796,2.530711409414022
797,2.2055883260221987
798,2.2168503372763375
799,1.2945299931535983
800,0.7324198069243812
801,1.2256786849375365
802,0.5985105918760023
803,0.9608462131098151
804,-0.34689109657524786
805,-0.3845959882394495
806,0.42333655964297934
807,0.8757384320578532
808,1.788145161312113
809,1.677446419303707
810,2.0607369146266663
811,1.2823654552038284
812,1.4175098474459848
813,2.6657762080951812
814,3.115208396977712
815,4.295690564246434
816,4.628030935909213
817,5.331876911942347
818,5.1266208031048786
819,4.837456899480159
820,5.624173914283748
821,5.792770900494746
822,5.475215530908616
823,5.491538043136181
824,5.331809616107311
825,5.138549022540704
826,4.056319686209803
827,2.890963161913904
828,2.293143141534009
829,1.8737250719165015
830,0.6159633550952666
831,-0.7979290456543862
832,-0.5118674007053313
833,0.10179249626200282
834,0.022892369484003305
835,-0.13875590725361736
836,0.09347077336446453
837,0.42615143670544814
838,0.2270278468660002
839,0.9331192621217861
840,2.0928783698301663
841,2.72132520441166
842,3.088309252519819
843,3.97715305610616
844,4.682740203130638
845,4.48168850345451
846,5.593152914126958
847,6.175567633127335
848,6.344505295687784
849,6.483792286368688
850,6.375912572387456
851,5.695345890368696
852,5.756964194302544
853,5.317930814967209
854,5.356869262330425
855,4.350760154116116
856,3.3187193537168165
857,2.3421965159465974
858,2.4398580588799077
859,1.8114268495559147
860,0.9959442362295111
861,-0.01859793060584547
862,1.1362634520696204
863,0.7193315720038149
864,0.10877014033346916
865,-0.1531598858077073
866,0.606929455662427
867,0.5661420006209446
868,0.3251944542427274
869,0.8484005031502392
870,2.2857279182038077
871,3.308479722535637
872,4.261417155679496
873,4.110777468022128
874,3.778113746940983
875,4.19953268284686
876,4.56231932139506
877,5.069938275757629
878,5.883894110474824
879,5.67084236674334
880,5.332141125807173
881,4.8113419998569835
882,5.204640002453744
883,5.139890759991091
884,5.139736976244686
885,3.842959587903442
886,3.1298385850260972
887,3.316434220695939
888,2.824646182992312
889,2.714283367826998
890,2.4068151680102727
891,1.9927572818750183
892,0.9869382915426885
893,0.532675295535866
894,0.4748165774502803
895,1.536084959597018
896,1.5991367262071219
897,1.381602051369965
898,1.5515407952653801
899,1.993774121168702
900,2.199623595827929
901,3.015397090338998
902,3.9706173062373122
903,5.502405434940767
904,6.2630208137861905
905,6.313474117947377
906,5.969538328092094
907,5.479088039461752
908,6.238099664647
909,6.844309111425683
910,7.317723243845568
911,6.940832725382945
912,6.375873581630063
913,5.7516080656015935
914,5.569300125899644
915,3.790005896748626
916,2.496331337686958
917,1.0229266806415378
918,0.8289614791848756
919,0.6978174995793732
920,1.1440368615235876
921,0.7957453959553538
922,0.7525109052043133
923,0.3979761607993879
924,0.008327100301609186
925,-0.4813738525176987
926,-0.025853975244800848
927,0.30644369057813026
928,0.20820090934630942
929,0.5883668279484119
930,0.8080747054316771
931,1.280003202717075
932,2.857310430446623
933,3.709321590106327
934,4.537553764040617
935,4.50345525463615
936,4.753114831086943
937,5.870017047467465
938,5.700820577121594
939,5.56960938764206
940,6.038874920626084
941,6.500344921550193
942,6.6978768068872006
943,6.149745013308335
944,5.148207789549527
945,4.729903533498877
946,4.305940332552941
947,3.4466064799905825
948,2.657591050849667
949,2.4486982910692774
950,2.7819678805484456
951,1.1108380069879873
952,0.7566069375588297
953,-0.30051937903507786
954,-0.17014749233359172
955,-0.1832468507123208
956,1.1049229467341783
957,1.414634764168696
958,1.0110586962781078
959,2.2404412057925347
960,1.7578785745593708
961,2.7482695454188786
962,4.201974069381629
963,4.695875332266592
964,5.359922530874042
965,5.8593316831229645
966,5.962595878389149
967,6.29143142438357
968,5.6297618179251545
969,6.16114022650498
970,5.8192891113868
971,6.227897255030907
972,5.775124502379433
973,5.386802008874411
974,4.862399526078933
975,3.989656082612033
976,3.8430422234659973
977,3.1477112979419513
978,2.0879078760065477
979,1.4831108071679175
980,1.076663446586631
981,0.9972149280547846
982,0.7999922193597511
983,0.3272240925911555
984,0.4127706304774883
985,1.5385793883866268
986,1.193599984155641
987,-0.1681435076533393
988,-0.10109094365804328
989,0.3888781550918536
990,1.8595644510934073
991,3.1182796486377984
992,3.341065185995063
993,4.034321389812261
994,4.511608106760277
995,4.39578817146489
996,5.069322123587351
997,5.725376301020428
998,5.468651521559063
999,5.897670466691275
1000,6.560919736654663
1001,5.4807357200221904
1002,5.5229441277681754
1003,5.670697894692182
1004,5.697390936891137
1005,4.437660128459677
1006,3.7112532944173156
1007,3.218547928872587
1008,3.2038328450769042
1009,3.4934380614885248
1010,2.7042249956037803
1011,2.596435752030538
1012,1.7483617045158104
1013,1.067439936355309
1014,1.353507815244977
1015,1.9164067842563801
1016,2.5570983682988677
1017,1.8617031118102128
1018,1.413911119373528
1019,2.6388220898282646
1020,1.8064524485966682
1021,2.3888161065203617
1022,2.791768105298312
1023,4.270261663048872
1024,4.826507486199201
1025,5.5395235789331485
1026,5.945542577738492
1027,6.0561557441836
1028,6.555386842876722
1029,6.100335246837395
1030,5.645678999316923
1031,5.51081277512304
1032,5.380356037253381
1033,4.841533845592299
1034,4.686879231633571
1035,5.422545948717048
1036,4.4889058089176945
1037,4.224742448707945
1038,3.256488106070935
1039,3.1607692518633783
1040,1.8114318348849123
1041,1.8088529051175186
1042,1.491416700154038
1043,1.2999935076286029
1044,0.3712842871693989
1045,0.2067527336024262
1046,1.1297613886006568
1047,0.48543852856642755
1048,0.7773397475600512
1049,1.6131439721577436
1050,3.162679601788082
1051,4.077134299060374
1052,4.998473560871965
1053,4.906185994250995
1054,5.327113708670813
1055,5.27752559989779
1056,5.5466450448846425
1057,5.989065504743866
1058,5.8648798440621075
1059,6.773374757423929
1060,6.6881232549700895
1061,6.301275561213954
1062,5.617825293442091
1063,6.028644103368622
1064,5.816352432514122
1065,4.986681186840473
1066,3.7412874881610305
1067,3.6717154451653755
1068,2.9646447516138816
1069,2.8714426467758587
1070,2.2160438194980956
1071,2.3737985127668164
1072,1.7064026931309955
1073,2.0599578485068326
1074,1.9597394859957409
1075,0.9029707176507344
1076,0.812140038434169
1077,1.830827824893365
1078,2.087206894475105
1079,2.065308445267997
1080,2.5675129893869904
1081,3.6585605228646063
1082,4.235810037841387
1083,4.53850059265047
1084,4.156481756502444
1085,5.698409436624879
1086,5.560993508930522
1087,6.502512808689886
1088,5.858355508068516
1089,5.862967982702832
1090,5.625477480775997
1091,6.198552803923977
1092,5.728362007517046
1093,5.79227361101158
1094,6.2270804904095245
1095,5.515458281100639
1096,4.303700651767745
1097,3.544590481391705
1098,2.4873038797531866
1099,2.515981352340198
1100,2.3433217895398224
1101,1.9417080314622328
1102,0.9362813313832207
1103,-0.3352952992581326
1104,-0.2604880760036268
1105,-0.10802650563591926
1106,-0.20253568856425452
1107,-0.07166891946960602
1108,0.4614763777739862
1109,1.6162452030851835
1110,1.195259662938477
1111,1.9060376637629923
1112,3.3019746305329023
1113,2.921964283314768
1114,3.821818746922022
1115,4.671938259467304
1116,5.3890226356184545
1117,6.792396521347596
1118,6.853195260474053
1119,6.5220997624506145
1120,6.326485354176733
1121,6.3126972620774895
1122,5.66946463464829
1123,4.72581277012266
1124,4.23601813211316
1125,3.947156573333307
1126,4.5077737998311065
1127,3.556156718228911
1128,2.7265397698520624
1129,1.6037434254365186
1130,2.0566294258331563
1131,1.8035828829976384
1132,1.8027379041091445
1133,1.6353524942435018
1134,0.9716079737550871
1135,1.0529463756655744
1136,0.6357066730192957
1137,1.2309678582078991
1138,2.1919475845780507
1139,3.7575684580868343
1140,3.3275914399257247
1141,4.2956564787396125
1142,4.994996554904689
1143,4.645462464534848
1144,5.261153738216667
1145,6.375354798719907
1146,6.245618322272159
1147,6.734226139843956
1148,6.777307242649265
1149,7.020776915605215
1150,6.566554054112874
1151,6.536654036798561
1152,6.555964013107688
1153,5.879250265725539
1154,5.0647526177699165
1155,4.667963578247442
1156,3.9651097164289535
1157,3.5440808740331984
1158,2.673232938298036
1159,2.735326170409721
1160,2.3443706546520118
1161,1.146301976587773
1162,1.6981569347236458
1163,0.9410711234035976
1164,0.7027272680395524
1165,1.3662661041966428
1166,0.9823394357566269
1167,2.297677193993608
1168,1.2064105659202822
1169,0.3612486452307322
1170,1.5347111243688976
1171,1.7354289091605313
1172,2.834101751863285
1173,3.323346580135278
1174,4.09304172051514
1175,5.050784158529225
1176,5.71246741771383
1177,6.043449626047642
1178,6.165512596042393
1179,6.339448670227996
1180,6.141266531247831
1181,6.812743262476532
1182,6.006624371500763
1183,5.931887233686679
1184,5.7102519404989165
1185,4.293838959608568
1186,4.143271422932438
1187,4.2475567629275215
1188,3.463635140708853
1189,3.2076284541368243
1190,2.536075811860986
1191,2.0958419502087384
1192,2.0919575153800496
1193,1.5795566992116095
1194,1.6314346719950252
1195,0.6949615962264801
1196,0.9894975256513227
1197,0.41563165656662593
1198,0.8742793236446936
1199,1.261419048092483
1200,2.2900506554001323
1201,2.80061839932447
1202,4.498946993785329
1203,4.743445988311093
1204,4.737244611042164
1205,4.344458074921074
1206,5.185548179018417
1207,5.663821552184899
1208,6.552074177543924
1209,7.183262806117475
1210,7.488955418657587
1211,6.735806247659107
1212,5.89327106770733
1213,5.533278880700614
1214,4.8402801638844615
1215,4.670198661673526
1216,4.1272516849922365
1217,4.056275047074176
1218,3.2065142999512815
1219,1.793958632416371
1220,1.9522743558480657
1221,2.9229387523134784
1222,2.5926962505151523
1223,1.2642645234236305
1224,0.41394940465342955
1225,1.4498651192707674
1226,1.429138547180452
1227,1.6340302649498668
1228,1.6776224230440953
1229,2.6915437451521984
1230,3.2192051728505895
1231,3.089733000803395
1232,3.5501233863281088
1233,4.160840275240215
1234,4.6520481216041825
1235,5.728667441929854
1236,5.760758551065581
1237,6.049058706853572
1238,7.288136756082028
1239,8.161469167986677
1240,8.769650551130548
1241,8.332095065298752
1242,8.082008718130778
1243,6.908249125635426
1244,5.937594574138017
1245,4.656981250042362
1246,4.546816169828127
1247,4.38214026647734
1248,4.026398524285638
1249,3.1610598131726695
1250,2.407692896714555
1251,2.462342748030444
1252,1.477789112405465
1253,1.396941827899213
1254,1.8972839694639356
1255,1.9855793899389829
1256,2.1088259557949462
1257,2.404298603438969
1258,2.773890893766928
1259,2.9277402937174273
1260,2.472085098838868
1261,2.2678853870903866
1262,3.393690979047099
1263,4.11047804348556
1264,5.794414010849944
1265,6.2612620613129355
1266,7.683263934582788
1267,7.226905519456238
1268,8.04851711430716
1269,8.112015762877297
1270,8.502279913079905
1271,7.553069936122682
1272,6.766342663778464
1273,6.160648341317467
1274,6.5615683855088305
1275,6.134113420302775
1276,6.005858645034231
1277,4.54398219818416
1278,4.716666718672522
1279,4.479818491027918
1280,3.2541791392883104
1281,2.2508864975248515
1282,1.8451959863699605
1283,1.868172311419524
1284,1.559059264492915
1285,1.8341814824774088
1286,1.2478747334660243
1287,2.244654335576059
1288,3.053879331122022
1289,3.670066052169551
1290,3.3482226849298162
1291,4.3339817344607585
1292,4.182605116482216
1293,5.508071452379907
1294,5.268535239137214
1295,5.7514640906627825
1296,6.695927619930325
1297,6.45949165158547
1298,5.861137541433616
1299,6.09303595263457
1300,6.192347755727008
1301,6.148312816801359
1302,6.255098230523512
1303,6.048857496918386
1304,5.7708200786059844
1305,4.9035665388788185
1306,4.29905583484343
1307,4.114515659387723
1308,3.1205315264587936
1309,2.1663893472964495
1310,1.9249149045514962
1311,2.8179836747228757
1312,3.3694671894436694
1313,1.4828402041251478
1314,1.1621007950995785
1315,1.1741755874699304
1316,1.3145311984786343
1317,1.606605461899332
1318,1.715102687344854
1319,2.1937751423159346
1320,2.256500563690597
1321,2.2831630785421093
1322,2.7522105067814295
1323,3.8170322451699596
1324,5.043998737794901
1325,6.884988273959712
1326,6.7449609255851275
1327,7.519684771936726
1328,7.544129157938536
1329,7.362503194902057
1330,7.6793568602212
1331,7.367600705524071
1332,6.68261198810674
1333,6.043477753109777
1334,5.274265593399716
1335,4.478008608563279
1336,4.479463684383887
1337,4.159246992820411
1338,3.09479499341377
1339,2.007144326437631
1340,2.3446513565316116
1341,1.9247112141177976
1342,1.6168564628857198
1343,1.3863997320708528
1344,1.2862239025984537
1345,0.9129559540965912
1346,1.8090888856415859
1347,2.5530830090151566
1348,2.789207034600979
1349,1.786283959372089
1350,2.6118512259734423
1351,3.399806284088966
1352,4.441507725129254
1353,5.285631286774739
1354,6.398130463415908
1355,6.5922447039444805
1356,5.736859925742074
1357,7.2683335498756385
1358,8.414723225781872
1359,8.483987728825646
1360,7.363137761681017
1361,7.677350540791505
1362,7.297889301778315
1363,6.265423498163182
1364,6.317690523183357
1365,7.107920986285794
1366,6.208830707041771
1367,5.29819209380175
1368,3.9450534204320435
1369,3.180056760657545
1370,3.6637082800684473
1371,2.840801692642163
1372,2.0931578078739976
1373,1.586460332136514
1374,1.6978294490531929
1375,1.1518243609267032
1376,1.6742220438129245
1377,1.5561393689940606
1378,2.3891441595343617
1379,3.7030760706077266
1380,3.712454873897508
1381,4.3588570696739355
1382,5.2740674986332925
1383,6.0102691060445474
1384,6.601936340280999
1385,7.53007696183081
1386,6.391623653425866
1387,6.782848687668695
1388,6.660564533871593
1389,7.206352505487771
1390,7.989855830303613
1391,7.862970123898068
1392,7.213195507694377
1393,7.161482636810957
1394,7.809975169664375
1395,6.760878380784079
1396,5.851027602876992
1397,5.325984889297742
1398,4.492684397346879
1399,4.297132036624916
1400,2.971384201993306
1401,2.26462013543991
1402,0.7954517245554984
1403,1.0134626794401689
1404,1.2843471130195965
1405,1.0795663706952123
1406,0.9924503873026354
1407,1.6574242717112546
1408,3.5249643546236884
1409,3.0281354578320907
1410,3.7666563058120324
1411,4.157910263221825
1412,3.468508488619726
1413,4.882881566315598
1414,5.643916169833698
1415,5.864521024450175
1416,6.419689572981476
1417,6.595341390637174
1418,7.720196831404279
1419,7.352739557912191
1420,6.616430506121197
1421,6.771258567099027
1422,6.3987100323311
1423,7.18995223766549
1424,6.563734030407906
1425,6.684550153429839
1426,5.835930588611979
1427,4.380430768255599
1428,5.085394318461279
1429,3.9221496723671314
1430,3.0717230489087135
1431,3.2843736100187826
1432,3.3716435425317455
1433,3.1005835292140875
1434,2.9168323966444767
1435,3.6081718599605637
1436,4.073910757772443
1437,4.195956298156261
1438,4.084849266890862
1439,3.004769975139923
1440,3.752660000510363
1441,4.064140366181891
1442,5.629947340148304
1443,5.9310219006107525
1444,6.250419742286908
1445,6.559638302572599
1446,7.316258617181786
1447,7.427086610323121
1448,8.012132893255187
1449,8.73913397064251
1450,8.550656308220335
1451,8.609533888043845
1452,8.45688206962787
1453,8.178662484043372
1454,6.665549453124439
1455,5.781243735696638
1456,5.536248702380615
1457,5.198278285592718
1458,4.616896507160811
1459,2.7613424180085033
1460,2.067922394727646
1461,0.9923240982654048
1462,2.036395772284282
1463,1.1319828537598555
1464,1.3883214491159226
1465,2.001600663818838
1466,1.6954280127305241
1467,1.4364472042054284
1468,2.002652079276493
1469,1.5705785735886322
1470,2.5201329819985827
1471,3.116536738188926
1472,4.259060144058629
1473,4.032230731807118
1474,5.365228736226135
1475,6.593146953970649
1476,6.609440497640028
1477,7.287989807775614
1478,7.549534053518807
1479,8.51145193400995
1480,8.68684066519891
1481,8.26924498408952
1482,7.000207578222
1483,6.118789370846353
1484,5.742592487728839
1485,5.0868392045832245
1486,4.508038054579219
1487,4.806460908642169
1488,4.360081068133381
1489,4.308559462447953
1490,3.651494497002877
1491,3.0344884161098964
1492,2.2808246908642653
1493,1.5006016089347864
1494,1.6697120686958293
1495,2.5031395596390276
1496,2.4740541863451218
1497,3.01667089598637
1498,2.7106275503628035
1499,3.0266425143358413
1500,3.609250812450641
1501,4.350148148308553
1502,4.934480721507079
1503,5.535378867374012
1504,6.011034363648075
1505,6.831877910978049
1506,7.4435073627113235
1507,7.516662299045073
1508,7.350193626530082
1509,7.224447228730579
1510,8.284585554385778
1511,8.219107255154633
1512,8.314149420788944
1513,8.151877900512545
1514,7.476006866734613
1515,6.9206242509373
1516,6.361738323536268
1517,4.8110044179651545
1518,4.5133548941049
1519,3.5977746341626258
1520,2.805363194018783
1521,2.677934403936929
1522,3.794994593804866
1523,2.341240613971511
1524,1.193880021636411
1525,1.5462996616973932
1526,0.8667486262807714
1527,1.4743305801344437
1528,1.1101381379833428
1529,2.3230229669361933
1530,3.1266711487989896
1531,3.463953167501301
1532,4.971174389195021
1533,5.6956151758645595
1534,6.578414415492285
1535,6.419037783634772
1536,7.16686690363577
1537,6.977766308849941
1538,8.604504987011602
1539,8.975826589077556
1540,8.780794955880445
1541,8.976659856280701
1542,8.493075186677684
1543,7.80563575307137
1544,7.29248635003104
1545,5.751965930009397
1546,5.143291394685711
1547,4.853160178209952
1548,3.990725832820767
1549,4.645541065548837
1550,3.7551586992419406
1551,3.3546601364020012
1552,3.899678618352965
1553,3.685820327558286
1554,4.257178570325674
1555,3.74952502771257
1556,2.6815049524073857
1557,1.6051460902059624
1558,1.6502830410220275
1559,2.6139150537217604
1560,3.8579020712493097
1561,4.968716714992318
1562,4.779767904868201
1563,5.156229352204507
1564,6.140888753100858
1565,5.617778425855109
1566,5.993979900073869
1567,6.866362526916038
1568,7.450506004417734
1569,8.197347181727867
1570,8.218593686708196
1571,7.89990400855196
1572,7.230103967268315
1573,7.186329169829929
1574,6.6609579947504125
1575,6.614485296625311
1576,5.309764853500645
1577,5.7760064136525155
1578,4.670980428844296
1579,3.8960473361480603
1580,3.7939167640531495
1581,3.603428071885788
1582,3.374329966678714
1583,2.6408430685650988
1584,1.3954678890243086
1585,1.6012687826771845
1586,2.3106726159542488
1587,2.829976945742748
1588,3.632250493826785
1589,3.7321977961836135
1590,3.800734540933452
1591,3.851317771624542
1592,4.977319176767352
1593,5.771819012711054
1594,6.346265158742252
1595,6.8611545921022605
1596,7.20412719345501
1597,7.426136791723
1598,8.119299434555948
1599,7.841304094908596
1600,8.713112419847967
1601,9.199852758481155
1602,9.489387836735778
1603,9.270072971273283
1604,8.009234921772224
1605,7.680584207827284
1606,6.721420527010704
1607,5.963987116754517
1608,5.427160250820226
1609,4.553689604869725
1610,3.930981865224281
1611,3.7811136397001475
1612,3.738940878227229
1613,3.6307157784338533
1614,4.472598698050166
1615,4.944438618187171
1616,4.384319546755076
1617,4.167475146777546
1618,4.3441890752372085
1619,4.777003632126148
1620,5.773947830430008
1621,5.528909477651891
1622,5.598495508629568
1623,6.076708492171308
1624,8.138720492179461
1625,8.857649567640028
1626,7.985811227808826
1627,8.276267136795077
1628,7.500941586292994
1629,8.050895421634959
1630,8.041488531542283
1631,8.674720422730228
1632,8.96987642443903
1633,9.183616274862375
1634,8.463188284432837
1635,7.907001481642615
1636,7.5740192167966365
1637,6.881786139191882
1638,5.490406456438012
1639,4.302489254459929
1640,4.0680040021189585
1641,2.738390690455719
1642,3.420972916976541
1643,2.60022102808322
1644,3.1404936702471233
1645,2.8917503084028056
1646,2.176791072042472
1647,2.725762583261706
1648,3.0047151108688617
1649,2.8919520405850667
1650,4.226992053238788
1651,4.883404195783036
1652,5.451615830701533
1653,6.929896555529224
1654,6.513164343138798
1655,7.862776772029373
1656,8.47919727060179
1657,8.796339534148688
1658,7.541086023490334
1659,8.151361086020769
1660,8.072874949483008
1661,8.87364905628346
1662,8.430928589159484
1663,7.255430572743983
1664,6.676447024714261
1665,6.111871026453018
1666,5.923199690699585
1667,5.255305005298817
1668,5.325902922023588
1669,5.036594434848803
1670,4.0470580183771006
1671,4.518188099490612
1672,3.981323865409774
1673,2.9661973639656956
1674,2.509314167701139
1675,3.26783086944741
1676,3.880788404949084
1677,4.260773755365561
1678,3.779766486135563
1679,3.747633903043523
1680,4.0691652377663825
1681,5.5291950617524686
1682,5.958898398480581
1683,6.786084554322394
1684,6.408654091070245
1685,5.869552646475554
1686,6.710441387264549
1687,7.6432775491595635
1688,8.11445152329098
1689,8.518564855630409
1690,8.426393702634012
1691,8.441540015375978
1692,8.411737479334981
1693,7.811888416272442
1694,6.729926277338312
1695,6.258676821599243
1696,6.512811430429175
1697,4.668614150162834
1698,4.0570158083742385
1699,3.794459031451281
1700,2.7701772427470246
1701,3.485259822028674
1702,3.054335500412456
1703,3.0051875295772454
1704,2.462153688500189
1705,2.2571242997589605
1706,2.484030861231327
1707,2.6193750565431637
1708,2.857930022663978
1709,3.0399644853364824
1710,4.134996969787728
1711,4.070701717312823
1712,5.551384150743514
1713,6.371557112119381
1714,6.7987224307553875
1715,7.636302627666528
1716,7.346706079775793
1717,7.763911070991444
1718,7.593103293050952
1719,7.94773549412371
1720,7.824510066459157
1721,7.356269517814905
1722,6.929254848825664
1723,7.122051134131612
1724,6.528301891950903
1725,5.669291445886207
1726,5.531068651103021
1727,5.372828716093769
1728,4.819914860439024
1729,3.6928833043937477
1730,4.004375901803055
1731,3.5422659759077018
1732,3.9132451706506095
1733,3.4098534366585658
1734,3.6220656732774135
1735,2.5607780975261702
1736,2.589153449239892
1737,2.7219217147527717
1738,4.104313968776219
1739,4.105058182889252
1740,3.981021678337541
1741,4.453544951669754
1742,4.875850191956241
1743,5.715168877785142
1744,5.975870342767536
1745,6.302572742477246
1746,7.468693127011798
1747,6.825762586243992
1748,7.86427862655323
1749,8.672933719311272
1750,9.152769006281442
1751,8.058927808440018
1752,7.227596049181608
1753,7.139387112485423
1754,6.973002579095624
1755,5.837748452748511
1756,6.173890790207426
1757,6.502265001126109
1758,5.392862362264834
1759,4.603468351064343
1760,5.002574957407088
1761,4.4628252925847285
1762,4.0352688056527795
1763,3.675629737877766
1764,2.3707645981924603
1765,2.0373466587642906
1766,3.098180630592183
1767,2.762041207074968
1768,3.8326750588437357
1769,4.551514722309218
1770,4.503676552013317
1771,5.506233016805417
1772,6.288623151890782
1773,7.713203713094789
1774,7.992745460258654
1775,8.310437007252572
1776,7.9836067786154254
1777,9.322852937152906
1778,8.191724773900786
1779,8.524366744428749
1780,8.795628326682255
1781,8.895790030718665
1782,8.820129799867349
1783,8.32421813385509
1784,8.63098686802775
1785,8.401175128895497
1786,7.9534257608514025
1787,8.169068001831231
1788,6.570822714548826
1789,5.539101292559356
1790,4.893345051294166
1791,3.5873075636971663
1792,3.9125313384501483
1793,3.3259868274021964
1794,3.223393863108295
1795,3.3854098317809576
1796,3.414240757900706
1797,3.107171867458656
1798,3.725389770115928
1799,3.6305200394973185
1800,4.355171847932268
1801,4.848184686216705
1802,5.89417546421657
1803,6.782082409250182
1804,7.147429038102054
1805,7.986155850173224
1806,8.692415577213955
1807,9.211594369969514
1808,8.525839650613381
1809,7.443307904937983
1810,7.848504932057291
1811,6.916564555655016
1812,7.3928219896377785
1813,6.631616180283401
1814,6.873195316515384
1815,6.033484245550619
1816,4.805559669561467
1817,3.763438617229444
1818,3.956661658103949
1819,2.8082386461139857
1820,3.213513489450873
1821,3.219430767981649
1822,3.7901856106037255
1823,4.15756923042187
1824,4.515505125607263
1825,3.5230092086123985
1826,3.3160700330928696
1827,3.950679013194619
1828,3.9275245532518097
1829,4.431690914407875
1830,4.2521900775920844
1831,5.263781105247562
1832,5.933696796077669
1833,6.021236924743148
1834,7.441975724412159
1835,7.3233010031290435
1836,8.199518162411124
1837,9.139722716335426
1838,9.209725997133155
1839,9.193795127915031
1840,9.665177132229342
1841,10.036003342677208
1842,9.411736827239357
1843,8.508007201555703
1844,7.423393386214171
1845,6.68913140964552
1846,7.102786430209463
1847,5.496050854137423
1848,4.74607836151066
1849,3.7079167437659777
1850,3.0797887470512952
1851,3.091347727598426
1852,2.9650610494650156
1853,2.706053515864018
1854,2.818567922879711
1855,3.050882703634637
1856,2.4381365483453195
1857,3.026784150825253
1858,3.158522433569672
1859,3.514386886092525
1860,4.00739123795208
1861,4.212974751969668
1862,4.270696203567642
1863,5.354978345804788
1864,6.565784778475847
1865,7.056716970524892
1866,7.046901187495762
1867,7.951680295010064
1868,9.03062786969792
1869,9.071851150425012
1870,9.943128893711275
1871,9.39890891825163
1872,9.157497810821592
1873,8.612101042650798
1874,8.49295596547252
1875,8.041407292428019
1876,7.749546037681115
1877,6.966956290322508
1878,6.619648210610662
1879,6.22716804283517
1880,5.26835089001518
1881,4.396073242809646
1882,3.001441261504461
1883,3.5528369692235575
1884,3.556129961431802
1885,3.0526268359270623
1886,3.5555346885300216
1887,4.654766379999283
1888,5.033879667543514
1889,5.564316238031304
1890,6.332884327939603
1891,6.756070902430303
1892,7.5863646999504
1893,7.505559680188037
1894,7.801064509107464
1895,7.460789540772323
1896,7.909778182101019
1897,8.335246507352249
1898,8.50672389963409
1899,8.662729508166526
1900,7.976225849874967
1901,8.196664607004676
1902,8.733754525422858
1903,8.871751494631058
1904,8.27685309654624
1905,8.066925157295879
1906,7.236063099898127
1907,6.872149136214575
1908,6.346123072015004
1909,5.560215421521362
1910,4.029116167276465
1911,2.7013776281100528
1912,3.0861862665516533
1913,2.5849567766687036
1914,3.1336166829188796
1915,4.240005038965661
1916,4.528849018462017
1917,4.388724882372095
1918,5.072145913877761
1919,6.052438889371672
1920,6.139885790799448
1921,7.035223735297644
1922,7.383580936867819
1923,7.91941878243692
1924,7.679265173016499
1925,8.044900793229369
1926,8.115177874278631
1927,8.454627658907798
1928,8.498791549832196
1929,9.203890196314541
1930,8.705255138944391
1931,8.40920584807686
1932,8.547360275743365
1933,8.146580169949004
1934,7.53395148232686
1935,7.810213209230935
1936,7.045585845121652
1937,7.1683871488892486
1938,5.850153736547188
1939,3.8452290666577134
1940,3.795651330057696
1941,3.7060498525979684
1942,4.297803588629032
1943,3.4630639987390426
1944,3.503560091430734
1945,2.991278606664898
1946,3.4878943062549914
1947,4.288532016195662
1948,4.659986670470624
1949,4.61468774440109
1950,5.330882105441105
1951,6.617680373515424
1952,7.431833492746355
1953,7.451768430117165
1954,7.266954187394927
1955,7.924022607946308
1956,8.871672006039919
1957,9.28973486324223
1958,9.062592114981912
1959,8.824008277839482
1960,9.346260112781424
1961,9.196038844183185
1962,8.376618908309316
1963,7.841571117503962
1964,7.921658070850955
1965,7.712875740746158
1966,6.915355606261559
1967,6.645976335111491
1968,5.869068951310431
1969,4.735499996669084
1970,4.869136304634011
1971,4.286099984123663
1972,3.7521918939718617
1973,4.535603799979525
1974,4.806071367197179
1975,4.636886209839935
1976,3.785090425317228
1977,4.454845657053271
1978,4.6829153265974535
1979,4.770078957544413
1980,4.397038099278782
1981,6.166741205799213
1982,6.0403508696447945
1983,7.51082385058284
1984,8.047340267871984
1985,7.95758364043612
1986,8.805693498513008
1987,8.729699823820091
1988,8.657287452626004
1989,8.925198505817132
1990,8.920514292298058
1991,8.502256872600212
1992,8.563555043708403
1993,8.642352507408889
1994,8.755355724425108
1995,7.668851159754307
1996,7.017086073265755
1997,5.838288177235167
1998,6.116015573053809
1999,6.146505845428565
