run_id,backend,latency_ms
1,cpu,0.137000
2,cpu,0.108000
3,cpu,0.103125
4,cpu,0.097084
5,cpu,0.100000
6,cpu,0.093500
7,cpu,0.092584
8,cpu,0.093625
9,cpu,0.094375
10,cpu,0.093458
11,cpu,0.093958
12,cpu,0.092333
13,cpu,0.092292
14,cpu,0.088375
15,cpu,0.091500
16,cpu,0.092542
17,cpu,0.092125
18,cpu,0.088167
19,cpu,0.088250
20,cpu,0.087542
21,cpu,0.088083
22,cpu,0.091250
23,cpu,0.088542
24,cpu,0.087708
25,cpu,0.087833
26,cpu,0.088375
27,cpu,0.087750
28,cpu,0.088000
29,cpu,0.094083
30,cpu,0.094250
31,cpu,0.094875
32,cpu,0.094000
33,cpu,0.099083
34,cpu,0.099417
35,cpu,0.096458
36,cpu,0.101542
37,cpu,0.095959
38,cpu,0.095417
39,cpu,0.095541
40,cpu,0.095541
41,cpu,0.095125
42,cpu,0.095584
43,cpu,0.096250
44,cpu,0.096209
45,cpu,0.096792
46,cpu,0.095666
47,cpu,0.095833
48,cpu,0.099333
49,cpu,0.096750
50,cpu,0.095625
51,mps,3.268333
52,mps,3.663375
53,mps,3.399625
54,mps,3.454250
55,mps,3.220792
56,mps,3.234750
57,mps,3.484000
58,mps,3.192000
59,mps,3.194834
60,mps,3.192625
61,mps,3.086125
62,mps,3.323709
63,mps,3.110958
64,mps,3.200625
65,mps,3.353375
66,mps,3.068792
67,mps,3.461792
68,mps,3.120833
69,mps,3.184792
70,mps,3.159083
71,mps,3.031542
72,mps,3.558250
73,mps,3.199750
74,mps,3.204750
75,mps,3.103583
76,mps,3.124792
77,mps,3.318583
78,mps,3.848459
79,mps,3.158958
80,mps,3.139083
81,mps,3.139417
82,mps,3.687042
83,mps,3.313792
84,mps,3.565958
85,mps,3.185667
86,mps,3.197625
87,mps,3.521875
88,mps,3.178292
89,mps,3.100708
90,mps,3.124792
91,mps,3.132834
92,mps,3.686625
93,mps,3.350542
94,mps,3.127167
95,mps,3.193833
96,mps,3.097917
97,mps,3.402167
98,mps,3.212167
99,mps,3.142500
100,mps,3.151167
101,cpu,1.679666
102,cpu,0.410458
103,cpu,0.480750
104,cpu,0.229541
105,cpu,0.196167
106,cpu,0.180666
107,cpu,0.174792
108,cpu,0.173125
109,cpu,0.170958
110,cpu,0.171166
111,cpu,0.168542
112,cpu,0.168083
113,cpu,0.167417
114,cpu,0.166875
115,cpu,0.166291
116,cpu,0.172542
117,cpu,0.174417
118,cpu,0.169625
119,cpu,0.167583
120,cpu,0.167334
121,cpu,0.165375
122,cpu,0.164250
123,cpu,0.165375
124,cpu,0.164000
125,cpu,0.165958
126,cpu,0.164083
127,cpu,0.164125
128,cpu,0.173791
129,cpu,0.170166
130,cpu,0.167500
131,cpu,0.165583
132,cpu,0.164042
133,cpu,0.164000
134,cpu,0.164500
135,cpu,0.164042
136,cpu,0.163833
137,cpu,0.163958
138,cpu,0.163584
139,cpu,0.164375
140,cpu,0.164833
141,cpu,0.165417
142,cpu,0.188750
143,cpu,0.194666
144,cpu,0.200417
145,cpu,0.199000
146,cpu,0.198125
147,cpu,0.191458
148,cpu,0.168834
149,cpu,0.168250
150,cpu,0.168167
151,mps,24.285000
152,mps,5.615667
153,mps,4.785917
154,mps,5.076042
155,mps,4.577875
156,mps,4.345125
157,mps,4.581875
158,mps,4.645542
159,mps,4.232875
160,mps,3.970875
161,mps,4.006583
162,mps,3.975666
163,mps,3.766166
164,mps,3.867083
165,mps,3.986417
166,mps,4.027208
167,mps,3.755500
168,mps,3.595834
169,mps,3.483958
170,mps,3.484209
171,mps,3.331166
172,mps,3.360458
173,mps,3.290167
174,mps,3.277625
175,mps,3.512292
176,mps,3.285625
177,mps,3.252042
178,mps,3.225792
179,mps,3.270916
180,mps,3.472208
181,mps,3.396541
182,mps,3.244166
183,mps,3.242416
184,mps,3.286917
185,mps,3.321083
186,mps,3.142541
187,mps,3.134292
188,mps,3.130500
189,mps,3.185791
190,mps,3.384542
191,mps,3.193792
192,mps,3.221666
193,mps,3.243583
194,mps,3.229667
195,mps,3.231167
196,mps,3.266250
197,mps,3.170042
198,mps,3.132708
199,mps,3.122500
200,mps,3.432291
201,cpu,3.766042
202,cpu,0.367125
203,cpu,0.259583
204,cpu,0.242458
205,cpu,0.232750
206,cpu,0.228000
207,cpu,0.226417
208,cpu,0.226125
209,cpu,0.229917
210,cpu,0.451500
211,cpu,0.228833
212,cpu,0.223750
213,cpu,0.221875
214,cpu,0.222291
215,cpu,0.212459
216,cpu,0.218750
217,cpu,0.187667
218,cpu,0.187709
219,cpu,0.186750
220,cpu,0.185792
221,cpu,0.186833
222,cpu,0.186333
223,cpu,0.185084
224,cpu,0.187458
225,cpu,0.185916
226,cpu,0.185167
227,cpu,0.185916
228,cpu,0.186208
229,cpu,0.184916
230,cpu,0.184333
231,cpu,0.185542
232,cpu,0.185250
233,cpu,0.184959
234,cpu,0.185666
235,cpu,0.185000
236,cpu,0.184292
237,cpu,0.185208
238,cpu,0.185125
239,cpu,0.184500
240,cpu,0.172875
241,cpu,0.159542
242,cpu,0.159916
243,cpu,0.160458
244,cpu,0.160333
245,cpu,0.161125
246,cpu,0.160416
247,cpu,0.159958
248,cpu,0.159875
249,cpu,0.159833
250,cpu,0.160250
251,mps,49.868708
252,mps,5.217584
253,mps,5.007542
254,mps,4.480792
255,mps,4.157500
256,mps,4.533333
257,mps,4.283709
258,mps,3.970250
259,mps,3.835458
260,mps,4.064417
261,mps,3.543833
262,mps,3.505167
263,mps,3.704875
264,mps,4.111292
265,mps,3.645958
266,mps,3.484209
267,mps,3.344167
268,mps,3.248792
269,mps,3.776709
270,mps,3.336667
271,mps,3.244250
272,mps,3.214375
273,mps,3.189250
274,mps,3.318083
275,mps,3.198916
276,mps,3.172959
277,mps,3.313667
278,mps,3.145500
279,mps,3.482083
280,mps,3.181583
281,mps,3.344791
282,mps,3.259875
283,mps,3.156875
284,mps,3.381166
285,mps,3.219542
286,mps,3.165583
287,mps,3.157667
288,mps,3.323000
289,mps,4.071875
290,mps,4.054625
291,mps,3.478084
292,mps,3.346666
293,mps,3.503250
294,mps,3.765542
295,mps,3.538166
296,mps,3.523542
297,mps,3.596417
298,mps,3.927833
299,mps,3.518084
300,mps,3.519916
301,cpu,2.522750
302,cpu,0.552417
303,cpu,0.287291
304,cpu,0.256416
305,cpu,0.258375
306,cpu,0.244708
307,cpu,0.235250
308,cpu,0.231625
309,cpu,0.231000
310,cpu,0.224750
311,cpu,0.223667
312,cpu,0.222250
313,cpu,0.221750
314,cpu,0.220125
315,cpu,0.219958
316,cpu,0.219166
317,cpu,0.219584
318,cpu,0.218833
319,cpu,0.219083
320,cpu,0.219500
321,cpu,0.216250
322,cpu,0.184917
323,cpu,0.184958
324,cpu,0.185333
325,cpu,0.184334
326,cpu,0.184584
327,cpu,0.184333
328,cpu,0.187084
329,cpu,0.185208
330,cpu,0.184333
331,cpu,0.184625
332,cpu,0.184625
333,cpu,0.183333
334,cpu,0.184000
335,cpu,0.183875
336,cpu,0.190625
337,cpu,0.184250
338,cpu,0.184083
339,cpu,0.183542
340,cpu,0.184292
341,cpu,0.184791
342,cpu,0.185333
343,cpu,0.184792
344,cpu,0.184292
345,cpu,0.184500
346,cpu,0.159583
347,cpu,0.160833
348,cpu,0.160875
349,cpu,0.159750
350,cpu,0.160125
351,mps,11.723000
352,mps,5.451083
353,mps,4.603333
354,mps,4.220541
355,mps,4.382834
356,mps,4.816958
357,mps,4.087792
358,mps,4.141667
359,mps,4.061209
360,mps,3.970041
361,mps,3.617750
362,mps,3.597208
363,mps,3.821542
364,mps,3.620791
365,mps,4.044791
366,mps,3.496334
367,mps,3.532167
368,mps,3.362125
369,mps,3.689041
370,mps,3.563000
371,mps,3.528416
372,mps,3.306542
373,mps,3.323333
374,mps,3.480542
375,mps,3.240334
376,mps,3.208291
377,mps,3.170500
378,mps,3.156292
379,mps,3.403625
380,mps,3.366166
381,mps,3.309209
382,mps,3.223417
383,mps,3.160625
384,mps,3.311916
385,mps,3.179833
386,mps,3.155750
387,mps,3.081500
388,mps,3.073791
389,mps,3.388792
390,mps,3.132834
391,mps,3.091542
392,mps,3.243833
393,mps,3.073291
394,mps,3.224250
395,mps,3.162125
396,mps,3.047375
397,mps,3.117208
398,mps,3.048875
399,mps,3.549042
400,mps,3.100208
401,cpu,0.716334
402,cpu,0.344000
403,cpu,0.297750
404,cpu,0.281042
405,cpu,0.301333
406,cpu,0.273875
407,cpu,0.265459
408,cpu,0.227584
409,cpu,0.226791
410,cpu,0.224958
411,cpu,0.227334
412,cpu,0.221750
413,cpu,0.222625
414,cpu,0.223583
415,cpu,0.222875
416,cpu,0.222292
417,cpu,0.228041
418,cpu,0.223584
419,cpu,0.220833
420,cpu,0.219708
421,cpu,0.222750
422,cpu,0.220458
423,cpu,0.230333
424,cpu,0.479958
425,cpu,0.297042
426,cpu,0.246250
427,cpu,0.203042
428,cpu,0.204917
429,cpu,0.193959
430,cpu,0.193417
431,cpu,0.193041
432,cpu,0.193333
433,cpu,0.189208
434,cpu,0.188708
435,cpu,0.190334
436,cpu,0.189792
437,cpu,0.188625
438,cpu,0.187500
439,cpu,0.188083
440,cpu,0.188875
441,cpu,0.188708
442,cpu,0.187000
443,cpu,0.187125
444,cpu,0.186583
445,cpu,0.187209
446,cpu,0.186542
447,cpu,0.188459
448,cpu,0.186750
449,cpu,0.186875
450,cpu,0.182459
451,mps,9.370666
452,mps,5.981958
453,mps,5.247500
454,mps,5.096833
455,mps,4.496708
456,mps,4.459708
457,mps,4.446375
458,mps,4.586625
459,mps,4.214417
460,mps,4.005791
461,mps,4.116291
462,mps,4.180875
463,mps,4.002833
464,mps,4.007083
465,mps,3.962375
466,mps,3.768459
467,mps,3.523958
468,mps,3.551542
469,mps,3.486083
470,mps,3.788708
471,mps,4.064667
472,mps,3.409500
473,mps,3.402834
474,mps,3.296458
475,mps,3.380625
476,mps,3.315000
477,mps,3.290459
478,mps,3.403542
479,mps,3.205125
480,mps,3.304291
481,mps,3.219125
482,mps,3.186625
483,mps,3.366625
484,mps,3.183458
485,mps,3.283917
486,mps,3.195708
487,mps,3.182416
488,mps,3.152042
489,mps,3.168500
490,mps,3.285083
491,mps,3.151417
492,mps,3.187500
493,mps,3.081166
494,mps,3.069292
495,mps,3.439625
496,mps,3.198208
497,mps,3.048875
498,mps,3.106583
499,mps,3.045500
500,mps,3.084792
501,cpu,0.695208
502,cpu,0.357208
503,cpu,0.298667
504,cpu,0.284209
505,cpu,0.277041
506,cpu,0.271334
507,cpu,0.269500
508,cpu,0.226958
509,cpu,0.227792
510,cpu,0.222416
511,cpu,0.227750
512,cpu,0.224208
513,cpu,0.221750
514,cpu,0.224250
515,cpu,0.222875
516,cpu,0.221084
517,cpu,0.220666
518,cpu,0.223833
519,cpu,0.220875
520,cpu,0.226125
521,cpu,0.220791
522,cpu,0.224292
523,cpu,0.224333
524,cpu,0.220167
525,cpu,0.222500
526,cpu,0.221625
527,cpu,0.219250
528,cpu,0.197083
529,cpu,0.184833
530,cpu,0.184583
531,cpu,0.190250
532,cpu,0.186458
533,cpu,0.187375
534,cpu,0.188000
535,cpu,0.193000
536,cpu,0.192250
537,cpu,0.189958
538,cpu,0.188250
539,cpu,0.185542
540,cpu,0.239459
541,cpu,0.187167
542,cpu,0.281125
543,cpu,0.251209
544,cpu,0.215416
545,cpu,0.203875
546,cpu,0.202708
547,cpu,0.200875
548,cpu,0.194708
549,cpu,0.197500
550,cpu,0.179375
551,mps,9.511042
552,mps,5.644834
553,mps,5.059458
554,mps,4.557834
555,mps,4.632834
556,mps,4.644750
557,mps,4.245625
558,mps,4.129708
559,mps,4.282334
560,mps,4.034416
561,mps,3.949541
562,mps,3.638000
563,mps,4.067291
564,mps,3.681417
565,mps,3.517083
566,mps,3.545166
567,mps,3.508333
568,mps,3.479958
569,mps,3.398916
570,mps,3.383208
571,mps,3.380041
572,mps,3.284625
573,mps,3.604625
574,mps,3.289833
575,mps,3.274500
576,mps,3.231042
577,mps,3.203042
578,mps,3.462917
579,mps,3.377333
580,mps,3.306084
581,mps,3.198792
582,mps,3.227125
583,mps,3.371916
584,mps,3.199333
585,mps,3.197750
586,mps,3.160625
587,mps,3.159666
588,mps,3.235334
589,mps,3.082208
590,mps,3.216125
591,mps,3.106916
592,mps,3.071750
593,mps,3.300417
594,mps,3.128208
595,mps,3.065875
596,mps,3.315333
597,mps,3.036750
598,mps,3.189958
599,mps,3.090292
600,mps,3.102042
601,cpu,1.164042
602,cpu,0.566750
603,cpu,0.541667
604,cpu,0.328500
605,cpu,0.289084
606,cpu,0.276625
607,cpu,0.394625
608,cpu,0.279834
609,cpu,0.268333
610,cpu,0.268625
611,cpu,0.252583
612,cpu,0.220833
613,cpu,0.220375
614,cpu,0.219917
615,cpu,0.218959
616,cpu,0.220500
617,cpu,0.220209
618,cpu,0.219042
619,cpu,0.218875
620,cpu,0.218000
621,cpu,0.218542
622,cpu,0.217584
623,cpu,0.218166
624,cpu,0.217125
625,cpu,0.198042
626,cpu,0.183458
627,cpu,0.184125
628,cpu,0.184416
629,cpu,0.184541
630,cpu,0.188917
631,cpu,0.184417
632,cpu,0.184709
633,cpu,0.185125
634,cpu,0.185458
635,cpu,0.185125
636,cpu,0.184917
637,cpu,0.185459
638,cpu,0.185125
639,cpu,0.184541
640,cpu,0.185583
641,cpu,0.184750
642,cpu,0.185250
643,cpu,0.184292
644,cpu,0.184334
645,cpu,0.183959
646,cpu,0.188167
647,cpu,0.183292
648,cpu,0.183708
649,cpu,0.183292
650,cpu,0.158791
651,mps,16.082041
652,mps,5.896458
653,mps,5.163125
654,mps,5.089042
655,mps,4.773916
656,mps,4.249875
657,mps,4.495459
658,mps,4.266750
659,mps,4.345542
660,mps,4.096209
661,mps,3.957583
662,mps,3.991375
663,mps,3.754333
664,mps,4.102916
665,mps,4.074750
666,mps,3.558333
667,mps,3.921250
668,mps,3.546375
669,mps,3.429208
670,mps,3.246666
671,mps,3.232167
672,mps,3.343417
673,mps,3.348500
674,mps,3.336000
675,mps,3.284833
676,mps,3.260959
677,mps,3.335708
678,mps,3.237709
679,mps,3.224208
680,mps,3.168625
681,mps,3.147667
682,mps,3.371542
683,mps,3.253375
684,mps,3.228583
685,mps,3.237166
686,mps,3.136625
687,mps,3.271042
688,mps,3.183334
689,mps,3.262250
690,mps,3.125333
691,mps,3.110584
692,mps,3.258625
693,mps,3.146500
694,mps,3.130542
695,mps,3.260291
696,mps,3.040500
697,mps,3.285375
698,mps,3.122833
699,mps,3.136583
700,mps,3.153000
701,cpu,38.767500
702,cpu,0.193042
703,cpu,0.133625
704,cpu,0.122625
705,cpu,0.117583
706,cpu,0.116417
707,cpu,0.115500
708,cpu,0.114041
709,cpu,0.113333
710,cpu,0.112125
711,cpu,0.112791
712,cpu,0.107292
713,cpu,0.106750
714,cpu,0.107125
715,cpu,0.106459
716,cpu,0.108167
717,cpu,0.106917
718,cpu,0.106208
719,cpu,0.106792
720,cpu,0.106875
721,cpu,0.106250
722,cpu,0.106458
723,cpu,0.106542
724,cpu,0.106417
725,cpu,0.105917
726,cpu,0.106000
727,cpu,0.106625
728,cpu,0.106875
729,cpu,0.109625
730,cpu,0.109375
731,cpu,0.105875
732,cpu,0.106083
733,cpu,0.106042
734,cpu,0.105875
735,cpu,0.105750
736,cpu,0.105833
737,cpu,0.105959
738,cpu,0.105500
739,cpu,0.105667
740,cpu,0.106334
741,cpu,0.106125
742,cpu,0.106083
743,cpu,0.105583
744,cpu,0.106875
745,cpu,0.106000
746,cpu,0.105625
747,cpu,0.108541
748,cpu,0.106083
749,cpu,0.106000
750,cpu,0.106000
751,mps,34.167792
752,mps,4.210834
753,mps,3.412417
754,mps,3.326084
755,mps,3.687084
756,mps,3.708333
757,mps,3.534125
758,mps,3.200333
759,mps,3.306084
760,mps,3.305000
761,mps,4.930042
762,mps,3.100042
763,mps,3.251375
764,mps,3.092167
765,mps,3.309417
766,mps,3.754125
767,mps,3.052083
768,mps,3.159750
769,mps,3.091458
770,mps,3.112250
771,mps,4.009542
772,mps,3.061584
773,mps,3.157042
774,mps,3.120708
775,mps,3.092375
776,mps,4.029875
777,mps,3.033667
778,mps,3.084375
779,mps,3.080750
780,mps,3.208542
781,mps,4.183958
782,mps,3.607750
783,mps,3.225917
784,mps,3.181292
785,mps,3.811917
786,mps,3.313958
787,mps,3.140292
788,mps,3.234666
789,mps,3.083500
790,mps,3.429333
791,mps,3.575292
792,mps,3.069541
793,mps,3.108625
794,mps,3.096209
795,mps,5.207542
796,mps,3.041958
797,mps,3.030167
798,mps,3.124458
799,mps,3.058875
800,mps,4.456375
801,cpu,4.346834
802,cpu,1.031041
803,cpu,1.257500
804,cpu,0.406292
805,cpu,0.316583
806,cpu,0.318083
807,cpu,0.661625
808,cpu,0.396209
809,cpu,0.306875
810,cpu,0.289375
811,cpu,0.281209
812,cpu,0.276958
813,cpu,0.270500
814,cpu,0.268625
815,cpu,0.248959
816,cpu,0.223792
817,cpu,0.225125
818,cpu,0.222375
819,cpu,0.221750
820,cpu,0.221333
821,cpu,0.221875
822,cpu,0.220583
823,cpu,0.219625
824,cpu,0.219208
825,cpu,0.219042
826,cpu,0.219667
827,cpu,0.219250
828,cpu,0.218667
829,cpu,0.219500
830,cpu,0.218875
831,cpu,0.218917
832,cpu,0.218083
833,cpu,0.218166
834,cpu,0.219750
835,cpu,0.218083
836,cpu,0.194583
837,cpu,0.184208
838,cpu,0.185166
839,cpu,0.184958
840,cpu,0.185375
841,cpu,0.184708
842,cpu,0.185917
843,cpu,0.184500
844,cpu,0.184750
845,cpu,0.184167
846,cpu,0.184542
847,cpu,0.184584
848,cpu,0.187833
849,cpu,0.184625
850,cpu,0.185041
851,mps,21.388750
852,mps,5.349041
853,mps,5.718917
854,mps,4.823416
855,mps,4.698583
856,mps,6.057166
857,mps,4.268166
858,mps,4.424333
859,mps,4.389750
860,mps,4.042291
861,mps,4.142959
862,mps,4.113500
863,mps,4.135291
864,mps,3.861209
865,mps,3.649791
866,mps,3.995625
867,mps,3.619459
868,mps,5.035084
869,mps,3.441250
870,mps,3.623791
871,mps,3.863042
872,mps,6.025125
873,mps,5.404333
874,mps,3.841333
875,mps,5.128042
876,mps,4.046083
877,mps,3.958000
878,mps,3.511416
879,mps,5.080417
880,mps,3.378500
881,mps,3.244083
882,mps,3.320875
883,mps,3.922792
884,mps,4.000250
885,mps,3.205292
886,mps,3.169667
887,mps,3.256542
888,mps,5.034583
889,mps,3.257542
890,mps,3.152750
891,mps,3.445000
892,mps,6.823292
893,mps,3.337917
894,mps,3.394000
895,mps,3.331708
896,mps,3.822833
897,mps,3.665584
898,mps,3.060250
899,mps,3.112667
900,mps,3.144458
901,cpu,1.207458
902,cpu,0.568416
903,cpu,0.329459
904,cpu,0.415917
905,cpu,0.592000
906,cpu,0.345250
907,cpu,0.264250
908,cpu,0.239000
909,cpu,0.229458
910,cpu,0.225958
911,cpu,0.225083
912,cpu,0.221625
913,cpu,0.219417
914,cpu,0.220375
915,cpu,0.219959
916,cpu,0.219417
917,cpu,0.219958
918,cpu,0.217750
919,cpu,0.219459
920,cpu,0.231125
921,cpu,0.217667
922,cpu,0.217958
923,cpu,0.219541
924,cpu,0.216875
925,cpu,0.217625
926,cpu,0.199541
927,cpu,0.195875
928,cpu,0.185041
929,cpu,0.185541
930,cpu,0.183500
931,cpu,0.183542
932,cpu,0.184084
933,cpu,0.183917
934,cpu,0.184500
935,cpu,0.184750
936,cpu,0.183459
937,cpu,0.185041
938,cpu,0.183958
939,cpu,0.189667
940,cpu,0.183333
941,cpu,0.182834
942,cpu,0.181750
943,cpu,0.182083
944,cpu,0.181875
945,cpu,0.182416
946,cpu,0.181750
947,cpu,0.183417
948,cpu,0.181250
949,cpu,0.182958
950,cpu,0.182666
951,mps,10.679708
952,mps,5.514958
953,mps,4.913750
954,mps,4.559125
955,mps,4.445000
956,mps,4.212417
957,mps,4.202875
958,mps,3.980958
959,mps,4.236916
960,mps,3.909542
961,mps,4.176000
962,mps,3.792000
963,mps,3.557000
964,mps,3.772125
965,mps,3.920125
966,mps,4.120167
967,mps,3.465417
968,mps,3.544417
969,mps,3.370000
970,mps,3.562000
971,mps,3.303041
972,mps,3.298417
973,mps,3.384792
974,mps,3.333500
975,mps,3.476458
976,mps,3.316125
977,mps,3.303250
978,mps,3.206125
979,mps,3.194125
980,mps,3.448333
981,mps,3.251958
982,mps,3.203708
983,mps,3.194375
984,mps,3.203416
985,mps,3.427250
986,mps,3.153250
987,mps,3.141500
988,mps,3.130875
989,mps,3.088167
990,mps,3.345291
991,mps,3.150625
992,mps,3.236834
993,mps,3.139000
994,mps,3.099000
995,mps,3.298625
996,mps,3.042250
997,mps,3.133500
998,mps,3.087125
999,mps,2.990166
1000,mps,3.113416
1,cpu,0.109042
2,cpu,0.138583
3,cpu,0.107250
4,cpu,0.097125
5,cpu,0.093500
6,cpu,0.093500
7,cpu,0.090958
8,cpu,0.094666
9,cpu,0.089500
10,cpu,0.088458
11,cpu,0.088208
12,cpu,0.088750
13,cpu,0.088083
14,cpu,0.088667
15,cpu,0.088208
16,cpu,0.089958
17,cpu,0.087292
18,cpu,0.087958
19,cpu,0.087458
20,cpu,0.087625
21,cpu,0.087584
22,cpu,0.087250
23,cpu,0.086792
24,cpu,0.088791
25,cpu,0.087709
26,cpu,0.087416
27,cpu,0.087000
28,cpu,0.088958
29,cpu,0.087750
30,cpu,0.087375
31,cpu,0.087834
32,cpu,0.087166
33,cpu,0.087083
34,cpu,0.087417
35,cpu,0.087292
36,cpu,0.087375
37,cpu,0.087208
38,cpu,0.087042
39,cpu,0.087083
40,cpu,0.086875
41,cpu,0.087125
42,cpu,0.087084
43,cpu,0.087542
44,cpu,0.086959
45,cpu,0.087750
46,cpu,0.087209
47,cpu,0.087042
48,cpu,0.087458
49,cpu,0.087000
50,cpu,0.086958
51,mps,3.345958
52,mps,2.981542
53,mps,3.127667
54,mps,3.028000
55,mps,2.983416
56,mps,2.975875
57,mps,2.994375
58,mps,2.983583
59,mps,2.965042
60,mps,2.985583
61,mps,2.988583
62,mps,2.958167
63,mps,2.968792
64,mps,3.001042
65,mps,2.992000
66,mps,2.983542
67,mps,2.965834
68,mps,2.966542
69,mps,3.032375
70,mps,2.963417
71,mps,2.978792
72,mps,2.945417
73,mps,3.026458
74,mps,2.942417
75,mps,2.959417
76,mps,2.965625
77,mps,3.003458
78,mps,2.979250
79,mps,3.044833
80,mps,3.047250
81,mps,2.973625
82,mps,2.967875
83,mps,2.958000
84,mps,2.941625
85,mps,2.973792
86,mps,2.950625
87,mps,2.996500
88,mps,2.975708
89,mps,2.967584
90,mps,2.936209
91,mps,2.935125
92,mps,2.927208
93,mps,2.979375
94,mps,2.990708
95,mps,3.017834
96,mps,2.921125
97,mps,2.948333
98,mps,2.985583
99,mps,2.998458
100,mps,2.942833
101,cpu,1.480208
102,cpu,0.898084
103,cpu,0.486708
104,cpu,0.381709
105,cpu,0.355542
106,cpu,0.342000
107,cpu,0.330167
108,cpu,0.329333
109,cpu,0.324084
110,cpu,0.319250
111,cpu,0.320250
112,cpu,0.319084
113,cpu,0.325375
114,cpu,0.315542
115,cpu,0.314083
116,cpu,0.474917
117,cpu,0.302167
118,cpu,0.443708
119,cpu,0.295458
120,cpu,0.287709
121,cpu,0.292000
122,cpu,0.283667
123,cpu,0.285208
124,cpu,0.274333
125,cpu,0.257541
126,cpu,0.255958
127,cpu,0.259500
128,cpu,0.255375
129,cpu,0.253000
130,cpu,0.246583
131,cpu,0.245500
132,cpu,0.243375
133,cpu,0.248166
134,cpu,0.270834
135,cpu,0.453666
136,cpu,0.417000
137,cpu,0.316916
138,cpu,0.289333
139,cpu,0.281458
140,cpu,0.275834
141,cpu,0.277500
142,cpu,0.269667
143,cpu,0.268209
144,cpu,0.267292
145,cpu,0.226416
146,cpu,0.226791
147,cpu,0.228583
148,cpu,0.227250
149,cpu,0.226667
150,cpu,0.224666
151,mps,23.634333
152,mps,6.184500
153,mps,5.314583
154,mps,5.374542
155,mps,4.894458
156,mps,4.488500
157,mps,4.997792
158,mps,4.470250
159,mps,4.071625
160,mps,4.278958
161,mps,4.091750
162,mps,4.089417
163,mps,3.858959
164,mps,3.945625
165,mps,3.860750
166,mps,3.693000
167,mps,3.404667
168,mps,3.443667
169,mps,3.473917
170,mps,3.468209
171,mps,3.319042
172,mps,3.262584
173,mps,3.249666
174,mps,3.534208
175,mps,3.193375
176,mps,3.152375
177,mps,3.213417
178,mps,3.195834
179,mps,3.354917
180,mps,3.111708
181,mps,3.127334
182,mps,3.114791
183,mps,3.073833
184,mps,3.062709
185,mps,3.333500
186,mps,3.151333
187,mps,3.167959
188,mps,3.096625
189,mps,3.085375
190,mps,6.388417
191,mps,3.078500
192,mps,3.100833
193,mps,3.080583
194,mps,3.239667
195,mps,3.047667
196,mps,3.022500
197,mps,3.116375
198,mps,3.030625
199,mps,3.298291
200,mps,2.965334
201,cpu,1.328375
202,cpu,0.519667
203,cpu,0.396875
204,cpu,0.360958
205,cpu,0.346792
206,cpu,0.330250
207,cpu,0.322167
208,cpu,0.322917
209,cpu,0.318167
210,cpu,0.290625
211,cpu,0.277500
212,cpu,0.277125
213,cpu,0.424417
214,cpu,0.516583
215,cpu,0.586958
216,cpu,0.331250
217,cpu,0.299875
218,cpu,0.294125
219,cpu,0.292083
220,cpu,0.278917
221,cpu,0.281292
222,cpu,0.265000
223,cpu,0.243041
224,cpu,0.249500
225,cpu,0.286917
226,cpu,0.268125
227,cpu,0.489833
228,cpu,0.396166
229,cpu,0.308084
230,cpu,0.286250
231,cpu,0.278958
232,cpu,0.276541
233,cpu,0.270417
234,cpu,0.267667
235,cpu,0.268041
236,cpu,0.263541
237,cpu,0.226334
238,cpu,0.224000
239,cpu,0.223917
240,cpu,0.224500
241,cpu,0.223417
242,cpu,0.221667
243,cpu,0.223875
244,cpu,0.223167
245,cpu,0.222166
246,cpu,0.220500
247,cpu,0.221209
248,cpu,0.220875
249,cpu,0.221958
250,cpu,0.201750
251,mps,10.399291
252,mps,5.729042
253,mps,5.652709
254,mps,4.741500
255,mps,4.498875
256,mps,4.471542
257,mps,4.359250
258,mps,4.177292
259,mps,4.210792
260,mps,4.270209
261,mps,4.023208
262,mps,3.865500
263,mps,3.926333
264,mps,3.935375
265,mps,3.631375
266,mps,3.538167
267,mps,3.688917
268,mps,3.461500
269,mps,3.678917
270,mps,3.384292
271,mps,3.279417
272,mps,3.255042
273,mps,3.263584
274,mps,3.682291
275,mps,3.359500
276,mps,3.331375
277,mps,3.276000
278,mps,3.256708
279,mps,3.422583
280,mps,3.164083
281,mps,3.197542
282,mps,3.161458
283,mps,3.127667
284,mps,3.268917
285,mps,3.055542
286,mps,3.105583
287,mps,3.037084
288,mps,3.034208
289,mps,3.350292
290,mps,3.080125
291,mps,3.064417
292,mps,3.020083
293,mps,3.022750
294,mps,3.231625
295,mps,3.000042
296,mps,3.047125
297,mps,3.076750
298,mps,2.965291
299,mps,2.946208
300,mps,3.075500
301,cpu,1.272250
302,cpu,0.862625
303,cpu,0.699417
304,cpu,0.640542
305,cpu,0.619042
306,cpu,0.364375
307,cpu,0.322667
308,cpu,0.314083
309,cpu,0.309500
310,cpu,0.296458
311,cpu,0.272708
312,cpu,0.272542
313,cpu,0.271833
314,cpu,0.271125
315,cpu,0.275250
316,cpu,0.272208
317,cpu,0.270792
318,cpu,0.269166
319,cpu,0.279291
320,cpu,0.271792
321,cpu,0.272917
322,cpu,0.283250
323,cpu,0.275834
324,cpu,0.279958
325,cpu,0.279042
326,cpu,0.251209
327,cpu,0.249458
328,cpu,0.247333
329,cpu,0.242167
330,cpu,0.241417
331,cpu,0.396584
332,cpu,0.453583
333,cpu,0.316917
334,cpu,0.290958
335,cpu,0.280000
336,cpu,0.276209
337,cpu,0.270625
338,cpu,0.270542
339,cpu,0.268417
340,cpu,0.269666
341,cpu,0.227458
342,cpu,0.227667
343,cpu,0.225625
344,cpu,0.226625
345,cpu,0.225458
346,cpu,0.226083
347,cpu,0.226708
348,cpu,0.225291
349,cpu,0.225458
350,cpu,0.224458
351,mps,10.712958
352,mps,6.274958
353,mps,5.587750
354,mps,5.446500
355,mps,5.312084
356,mps,5.429000
357,mps,4.865250
358,mps,4.472542
359,mps,4.404458
360,mps,4.193958
361,mps,4.063625
362,mps,3.833167
363,mps,3.662209
364,mps,3.966458
365,mps,3.651750
366,mps,3.521334
367,mps,3.518333
368,mps,3.502750
369,mps,3.517542
370,mps,3.367875
371,mps,3.404250
372,mps,3.369416
373,mps,3.391042
374,mps,3.355541
375,mps,3.285042
376,mps,3.271042
377,mps,3.276625
378,mps,3.244791
379,mps,3.186083
380,mps,3.153291
381,mps,3.182000
382,mps,3.156292
383,mps,3.138458
384,mps,3.103083
385,mps,3.088833
386,mps,3.118500
387,mps,3.084166
388,mps,3.109042
389,mps,3.039584
390,mps,3.038417
391,mps,3.022667
392,mps,3.052250
393,mps,3.044375
394,mps,3.043416
395,mps,3.020750
396,mps,2.993833
397,mps,2.957834
398,mps,2.993583
399,mps,2.973875
400,mps,3.008583
401,cpu,3.481208
402,cpu,0.308625
403,cpu,0.281084
404,cpu,0.238334
405,cpu,0.233084
406,cpu,0.228625
407,cpu,0.315833
408,cpu,0.285042
409,cpu,0.226542
410,cpu,0.226041
411,cpu,0.274375
412,cpu,0.271250
413,cpu,0.272292
414,cpu,0.271666
415,cpu,0.280625
416,cpu,0.295625
417,cpu,0.302208
418,cpu,0.306125
419,cpu,0.251500
420,cpu,0.366833
421,cpu,0.309417
422,cpu,0.370833
423,cpu,0.327375
424,cpu,0.368666
425,cpu,0.282625
426,cpu,0.240708
427,cpu,0.230500
428,cpu,0.356083
429,cpu,0.221416
430,cpu,0.132500
431,cpu,0.303583
432,cpu,0.267667
433,cpu,0.142250
434,cpu,0.114417
435,cpu,0.190083
436,cpu,0.105917
437,cpu,0.114667
438,cpu,0.131500
439,cpu,0.109708
440,cpu,0.119709
441,cpu,0.107708
442,cpu,0.556709
443,cpu,0.190541
444,cpu,0.133625
445,cpu,0.106875
446,cpu,0.103584
447,cpu,0.102458
448,cpu,0.104875
449,cpu,0.182458
450,cpu,0.107083
451,mps,12.502125
452,mps,3.691917
453,mps,3.985333
454,mps,3.657875
455,mps,3.900375
456,mps,3.547542
457,mps,3.933958
458,mps,3.333584
459,mps,5.143000
460,mps,4.518708
461,mps,3.353250
462,mps,3.646667
463,mps,4.278834
464,mps,5.230083
465,mps,3.673000
466,mps,8.294583
467,mps,4.987042
468,mps,4.155916
469,mps,3.558416
470,mps,3.981125
471,mps,3.204334
472,mps,3.438166
473,mps,3.205500
474,mps,5.034583
475,mps,3.798333
476,mps,3.528542
477,mps,3.288125
478,mps,5.629792
479,mps,3.277000
480,mps,3.522417
481,mps,3.395291
482,mps,5.570125
483,mps,3.274250
484,mps,3.451667
485,mps,3.156458
486,mps,3.200916
487,mps,3.467125
488,mps,3.191291
489,mps,5.807417
490,mps,6.432458
491,mps,3.416834
492,mps,3.758209
493,mps,3.299916
494,mps,3.239667
495,mps,3.647500
496,mps,3.189209
497,mps,3.730709
498,mps,3.166625
499,mps,5.687583
500,mps,3.235250
501,cpu,1.209334
502,cpu,0.762708
503,cpu,0.496584
504,cpu,0.555416
505,cpu,0.422750
506,cpu,0.313334
507,cpu,0.310625
508,cpu,0.308084
509,cpu,0.305917
510,cpu,0.306375
511,cpu,0.304792
512,cpu,0.303792
513,cpu,0.303209
514,cpu,0.303000
515,cpu,0.305000
516,cpu,0.302916
517,cpu,0.302292
518,cpu,0.303875
519,cpu,0.305083
520,cpu,0.267958
521,cpu,0.221958
522,cpu,0.220250
523,cpu,0.221292
524,cpu,0.264750
525,cpu,0.270375
526,cpu,0.269042
527,cpu,0.274084
528,cpu,0.272250
529,cpu,0.281375
530,cpu,0.296834
531,cpu,0.250167
532,cpu,0.242291
533,cpu,0.246791
534,cpu,0.239500
535,cpu,0.240375
536,cpu,0.237959
537,cpu,0.243250
538,cpu,0.133125
539,cpu,0.108125
540,cpu,0.101709
541,cpu,0.105917
542,cpu,0.098291
543,cpu,0.096916
544,cpu,0.097000
545,cpu,0.096125
546,cpu,0.095833
547,cpu,0.097500
548,cpu,0.095833
549,cpu,0.095416
550,cpu,0.098875
551,mps,7.645209
552,mps,4.457041
553,mps,3.428125
554,mps,3.367792
555,mps,3.403750
556,mps,3.465709
557,mps,3.366833
558,mps,3.405125
559,mps,3.236125
560,mps,3.372500
561,mps,3.320083
562,mps,3.211625
563,mps,3.383667
564,mps,3.090667
565,mps,3.565667
566,mps,3.286792
567,mps,3.301708
568,mps,3.156584
569,mps,3.141291
570,mps,3.141167
571,mps,3.189083
572,mps,3.155875
573,mps,3.076125
574,mps,3.173750
575,mps,3.326291
576,mps,3.188625
577,mps,3.246917
578,mps,3.097583
579,mps,3.152292
580,mps,3.062542
581,mps,3.083292
582,mps,3.193541
583,mps,3.114834
584,mps,3.419292
585,mps,3.127875
586,mps,3.100542
587,mps,3.196625
588,mps,3.072250
589,mps,3.092708
590,mps,3.066500
591,mps,3.081000
592,mps,3.279958
593,mps,3.109166
594,mps,3.065458
595,mps,5.259334
596,mps,4.462333
597,mps,3.207625
598,mps,3.119208
599,mps,3.111708
600,mps,3.067167
601,cpu,2.661166
602,cpu,0.479500
603,cpu,0.335417
604,cpu,0.320833
605,cpu,0.322625
606,cpu,0.315458
607,cpu,0.315208
608,cpu,0.308833
609,cpu,0.305458
610,cpu,0.305875
611,cpu,0.303791
612,cpu,0.302625
613,cpu,0.302292
614,cpu,0.312125
615,cpu,0.297542
616,cpu,0.267416
617,cpu,0.266709
618,cpu,0.267875
619,cpu,0.267292
620,cpu,0.268250
621,cpu,0.267417
622,cpu,0.266125
623,cpu,0.265875
624,cpu,0.266291
625,cpu,0.265792
626,cpu,0.239583
627,cpu,0.237500
628,cpu,0.236000
629,cpu,0.244000
630,cpu,0.247291
631,cpu,0.244875
632,cpu,0.229500
633,cpu,0.235125
634,cpu,0.225750
635,cpu,0.234541
636,cpu,0.227208
637,cpu,0.221666
638,cpu,0.302208
639,cpu,0.120875
640,cpu,0.108292
641,cpu,0.103875
642,cpu,0.104334
643,cpu,0.102875
644,cpu,0.100959
645,cpu,0.097125
646,cpu,0.096959
647,cpu,0.099917
648,cpu,0.095792
649,cpu,0.099416
650,cpu,0.099083
651,mps,16.738000
652,mps,4.326583
653,mps,3.405833
654,mps,3.217500
655,mps,3.184167
656,mps,3.145875
657,mps,3.131750
658,mps,3.125708
659,mps,3.178584
660,mps,3.134042
661,mps,3.084084
662,mps,3.084584
663,mps,3.070750
664,mps,3.074709
665,mps,3.077917
666,mps,3.062792
667,mps,3.180333
668,mps,3.091583
669,mps,3.088292
670,mps,3.063750
671,mps,3.062625
672,mps,3.072666
673,mps,3.068291
674,mps,3.066958
675,mps,3.188958
676,mps,3.478500
677,mps,3.220709
678,mps,3.138250
679,mps,3.128500
680,mps,3.091666
681,mps,3.064792
682,mps,3.058500
683,mps,3.193542
684,mps,3.117541
685,mps,3.113083
686,mps,3.109917
687,mps,3.165375
688,mps,4.615958
689,mps,3.735667
690,mps,3.226667
691,mps,3.148625
692,mps,3.119333
693,mps,3.102458
694,mps,3.404791
695,mps,3.087792
696,mps,3.088667
697,mps,3.071417
698,mps,3.143916
699,mps,3.115875
700,mps,3.134708
701,cpu,2.401208
702,cpu,0.339333
703,cpu,0.333292
704,cpu,0.316291
705,cpu,0.311917
706,cpu,0.312500
707,cpu,0.313750
708,cpu,0.311542
709,cpu,0.308916
710,cpu,0.319541
711,cpu,0.308625
712,cpu,0.306542
713,cpu,0.275334
714,cpu,0.270583
715,cpu,0.271084
716,cpu,0.270167
717,cpu,0.278291
718,cpu,0.379625
719,cpu,0.258667
720,cpu,0.232834
721,cpu,0.274666
722,cpu,0.272333
723,cpu,0.257584
724,cpu,0.240000
725,cpu,0.238792
726,cpu,0.238333
727,cpu,0.237417
728,cpu,0.236000
729,cpu,0.400875
730,cpu,0.173833
731,cpu,0.117875
732,cpu,0.108333
733,cpu,0.106375
734,cpu,0.103167
735,cpu,0.102208
736,cpu,0.101125
737,cpu,0.101083
738,cpu,0.101250
739,cpu,0.100042
740,cpu,0.100292
741,cpu,0.101084
742,cpu,0.101334
743,cpu,0.100042
744,cpu,0.100083
745,cpu,0.100125
746,cpu,0.100292
747,cpu,0.099333
748,cpu,0.099375
749,cpu,0.101000
750,cpu,0.099625
751,mps,7.750584
752,mps,3.620292
753,mps,3.477625
754,mps,3.689000
755,mps,3.583167
756,mps,3.637708
757,mps,3.571792
758,mps,3.602084
759,mps,7.527209
760,mps,3.831708
761,mps,3.472375
762,mps,3.821875
763,mps,3.456625
764,mps,3.193458
765,mps,3.177459
766,mps,3.328000
767,mps,4.898541
768,mps,3.330000
769,mps,3.136625
770,mps,3.124125
771,mps,3.101417
772,mps,3.324417
773,mps,3.356125
774,mps,3.121667
775,mps,3.111459
776,mps,3.189000
777,mps,6.139375
778,mps,3.565459
779,mps,3.199791
780,mps,3.149542
781,mps,4.573042
782,mps,3.278625
783,mps,3.165833
784,mps,3.135958
785,mps,3.233833
786,mps,3.098625
787,mps,3.134625
788,mps,3.183375
789,mps,3.230334
790,mps,3.484459
791,mps,3.182292
792,mps,3.134833
793,mps,3.085292
794,mps,3.125083
795,mps,3.098958
796,mps,4.130000
797,mps,3.176500
798,mps,3.096750
799,mps,3.117708
800,mps,3.268333
801,cpu,0.958833
802,cpu,0.584375
803,cpu,0.428334
804,cpu,0.329708
805,cpu,0.321167
806,cpu,0.316167
807,cpu,0.314333
808,cpu,0.311125
809,cpu,0.310250
810,cpu,0.308750
811,cpu,0.308542
812,cpu,0.312083
813,cpu,0.239500
814,cpu,0.243000
815,cpu,0.239625
816,cpu,0.237750
817,cpu,0.260000
818,cpu,0.272792
819,cpu,0.237625
820,cpu,0.280291
821,cpu,0.278583
822,cpu,0.657167
823,cpu,0.245584
824,cpu,0.226791
825,cpu,0.224959
826,cpu,0.270750
827,cpu,0.270833
828,cpu,0.252583
829,cpu,0.244833
830,cpu,0.241875
831,cpu,0.244542
832,cpu,0.226500
833,cpu,0.225125
834,cpu,0.223000
835,cpu,0.222167
836,cpu,0.221666
837,cpu,0.221917
838,cpu,0.259125
839,cpu,0.149334
840,cpu,0.114250
841,cpu,0.105625
842,cpu,0.102959
843,cpu,0.102084
844,cpu,0.100459
845,cpu,0.100584
846,cpu,0.099875
847,cpu,0.099000
848,cpu,0.098667
849,cpu,0.098541
850,cpu,0.098417
851,mps,6.538917
852,mps,3.173041
853,mps,3.147167
854,mps,3.100292
855,mps,3.099584
856,mps,3.288208
857,mps,3.151625
858,mps,3.100792
859,mps,3.195166
860,mps,3.124166
861,mps,3.114542
862,mps,3.097083
863,mps,3.104916
864,mps,3.082333
865,mps,3.099750
866,mps,3.082750
867,mps,3.088084
868,mps,3.079666
869,mps,3.085583
870,mps,3.076584
871,mps,3.094208
872,mps,3.078334
873,mps,3.074291
874,mps,3.084000
875,mps,3.088833
876,mps,3.069375
877,mps,3.404250
878,mps,3.087916
879,mps,3.087541
880,mps,3.077459
881,mps,3.060084
882,mps,3.090375
883,mps,3.069333
884,mps,3.080792
885,mps,3.075417
886,mps,3.072042
887,mps,3.061958
888,mps,3.054792
889,mps,3.079125
890,mps,3.073458
891,mps,3.060083
892,mps,3.063417
893,mps,3.062333
894,mps,3.074667
895,mps,3.080459
896,mps,3.057250
897,mps,4.601667
898,mps,3.947292
899,mps,3.311750
900,mps,3.094208
901,cpu,1.227583
902,cpu,0.719583
903,cpu,0.798875
904,cpu,0.390334
905,cpu,0.344166
906,cpu,0.380584
907,cpu,0.358291
908,cpu,0.331750
909,cpu,0.320041
910,cpu,0.317042
911,cpu,0.317084
912,cpu,0.316541
913,cpu,0.281084
914,cpu,0.321375
915,cpu,0.310000
916,cpu,0.287125
917,cpu,0.281709
918,cpu,0.278291
919,cpu,0.276833
920,cpu,0.276042
921,cpu,0.275083
922,cpu,0.274791
923,cpu,0.309292
924,cpu,0.279084
925,cpu,0.259292
926,cpu,0.253959
927,cpu,0.255584
928,cpu,0.293250
929,cpu,0.416917
930,cpu,0.119583
931,cpu,0.107875
932,cpu,0.104500
933,cpu,0.101875
934,cpu,0.101333
935,cpu,0.100625
936,cpu,0.099500
937,cpu,0.099125
938,cpu,0.098833
939,cpu,0.098458
940,cpu,0.098417
941,cpu,0.098500
942,cpu,0.098416
943,cpu,0.098042
944,cpu,0.097917
945,cpu,0.101000
946,cpu,0.097458
947,cpu,0.097833
948,cpu,0.097417
949,cpu,0.098167
950,cpu,0.098542
951,mps,7.385875
952,mps,3.135583
953,mps,3.247833
954,mps,4.260584
955,mps,3.098542
956,mps,3.046792
957,mps,3.059292
958,mps,3.053625
959,mps,3.133167
960,mps,3.812375
961,mps,3.020250
962,mps,3.062250
963,mps,3.041333
964,mps,3.059375
965,mps,5.610916
966,mps,3.867041
967,mps,3.240958
968,mps,3.088292
969,mps,3.333667
970,mps,3.492458
971,mps,3.049500
972,mps,3.027916
973,mps,3.290334
974,mps,3.038417
975,mps,3.811541
976,mps,3.117917
977,mps,3.306625
978,mps,3.299625
979,mps,3.847250
980,mps,3.068500
981,mps,3.212084
982,mps,3.142000
983,mps,3.886875
984,mps,3.523583
985,mps,3.218792
986,mps,3.177375
987,mps,3.069666
988,mps,3.752750
989,mps,3.052792
990,mps,3.229959
991,mps,3.152792
992,mps,3.154834
993,mps,3.885042
994,mps,3.140541
995,mps,3.156458
996,mps,3.151375
997,mps,3.144792
998,mps,3.749208
999,mps,3.120917
1000,mps,3.109875
